"","Year","country_code","country_name","lfpr_female","family_benefits_exp","per_female_tertiary","position_guarantee","mandatory_leave_days","employment_services","epl_score","female_politicians"
"1",2008,"AUT","Austria",52.6759986877441,2.581,NA,NA,NA,68.5130004882813,2.4421768,NA
"2",2008,"BEL","Belgium",46.7309989929199,2.658,55.03346,NA,NA,73.7750015258789,2.9948978,NA
"3",2008,"BGR","Bulgaria",48.8419990539551,NA,55.32872,NA,NA,56.0999984741211,NA,NA
"4",2008,"HRV","Croatia",45.9039993286133,NA,54.60079,NA,NA,56.3289985656738,NA,NA
"5",2008,"CYP","Cyprus",55.564998626709,NA,49.03068,NA,NA,72.7229995727539,NA,NA
"6",2008,"CZE","Czech Republic",49.3489990234375,2.3,55.45473,NA,NA,56.2999992370605,2.7511337,NA
"7",2008,"DNK","Denmark",61.0550003051758,3.617,57.99737,NA,NA,74.3570022583008,2.2749434,NA
"8",2008,"EST","Estonia",54.8880004882813,2.116,61.70931,NA,NA,60.8310012817383,2.3276644,NA
"9",2008,"FIN","Finland",57.4389991760254,2.789,54.21995,NA,NA,70.3310012817383,2.1666667,NA
"10",2008,"FRA","France",50.685001373291,2.789,55.20688,NA,NA,74.0110015869141,2.8701813,NA
"11",2008,"DEU","Germany",52.1319999694824,1.884,NA,NA,NA,68.8720016479492,2.8418367,NA
"12",2008,"GRC","Greece",43.1380004882813,1.16,NA,NA,NA,66.6370010375977,2.8503401,NA
"13",2008,"HUN","Hungary",42.6829986572266,3.267,57.95874,NA,NA,63.4620018005371,2.2647393,NA
"14",2008,"IRL","Ireland",54.390998840332,3.308,54.22142,NA,NA,69.6940002441406,1.978458,NA
"15",2008,"ITA","Italy",38.390998840332,1.359,57.42789,NA,NA,66.5009994506836,3.0323131,NA
"16",2008,"LVA","Latvia",54.8300018310547,1.31,64.40592,NA,NA,62.6440010070801,NA,NA
"17",2008,"LTU","Lithuania",50.5390014648438,NA,59.90223,NA,NA,61.4189987182617,NA,NA
"18",2008,"LUX","Luxembourg",46.9539985656738,4.107,48.25639,NA,NA,83.0559997558594,2.7352607,NA
"19",2008,"MLT","Malta",32.9199981689453,NA,57.89696,NA,NA,72.6490020751953,NA,NA
"20",2008,"NLD","Netherlands",59.2389984130859,1.458,51.6547,NA,NA,78.568000793457,2.9297051,NA
"21",2008,"POL","Poland",46.8009986877441,1.255,57.581,NA,NA,54.1389999389648,2.3905897,NA
"22",2008,"PRT","Portugal",55.8680000305176,1.235,53.52372,NA,NA,59.568000793457,3.5119047,NA
"23",2008,"ROU","Romania",46.148998260498,NA,56.34645,NA,NA,39.6940002441406,NA,NA
"24",2008,"SVK","Slovak Republic",50.890998840332,1.694,60.29232,NA,NA,55.9169998168945,2.6349208,NA
"25",2008,"SVN","Slovenia",53.6279983520508,1.745,58.14284,NA,NA,56.2919998168945,2.7029479,NA
"26",2008,"ESP","Spain",49.6689987182617,1.324,54.02929,NA,NA,68.125,2.6598639,NA
"27",2008,"SWE","Sweden",59.7869987487793,3.326,60.29041,NA,NA,76.5270004272461,2.5170066,NA
"28",2008,"GBR","United Kingdom",55.2690010070801,3.489,57.2244,NA,NA,76.9150009155273,1.7585034,NA
"29",2008,"USA","United States",58.4580001831055,0.703,57.16869,NA,NA,78.1660003662109,1.1714286,NA
"30",2009,"AUT","Austria",53.3730010986328,2.787,NA,"No",NA,69.7080001831055,2.4421768,NA
"31",2009,"BEL","Belgium",46.7470016479492,2.828,54.804,"Yes",NA,75.0390014648438,2.9948978,NA
"32",2009,"BGR","Bulgaria",48.0890007019043,NA,55.59951,"Yes",NA,57.6720008850098,NA,NA
"33",2009,"HRV","Croatia",46.8359985351563,NA,55.02017,"Yes",NA,57.6669998168945,NA,NA
"34",2009,"CYP","Cyprus",56.5029983520508,NA,46.83083,NA,NA,74.2490005493164,NA,NA
"35",2009,"CZE","Czech Republic",49.5089988708496,2.423,56.4754,"Yes",NA,58.3120002746582,2.7511337,NA
"36",2009,"DNK","Denmark",60.6100006103516,3.956,58.23706,"Yes",NA,77.1230010986328,2.2749434,NA
"37",2009,"EST","Estonia",54.7389984130859,2.558,61.91903,"No",NA,64.5039978027344,2.3276644,NA
"38",2009,"FIN","Finland",57.0209999084473,3.136,54.01276,"Yes",NA,71.4290008544922,2.1666667,NA
"39",2009,"FRA","France",50.9700012207031,2.944,55.22527,"Yes",NA,74.4000015258789,2.8225625,NA
"40",2009,"DEU","Germany",52.5309982299805,2.154,NA,"No",NA,69.5210037231445,2.8418367,NA
"41",2009,"GRC","Greece",44.1759986877441,1.39,NA,"Yes",NA,67.1729965209961,2.8503401,NA
"42",2009,"HUN","Hungary",42.7910003662109,3.421,56.80561,"Yes",NA,64.234001159668,2.2647393,NA
"43",2009,"IRL","Ireland",53.7890014648438,3.881,53.93108,"Yes",NA,73.7129974365234,1.978458,NA
"44",2009,"ITA","Italy",37.8940010070801,1.503,57.68646,"Yes",NA,67.0709991455078,3.0323131,NA
"45",2009,"LVA","Latvia",54.3650016784668,1.715,63.66066,"Yes",NA,66.9059982299805,NA,NA
"46",2009,"LTU","Lithuania",52.0629997253418,NA,59.23585,"Yes",NA,64.1669998168945,NA,NA
"47",2009,"LUX","Luxembourg",48.7669982910156,4.169,NA,NA,NA,85.7350006103516,2.7352607,NA
"48",2009,"MLT","Malta",33.390998840332,NA,56.53014,NA,NA,73.515998840332,NA,NA
"49",2009,"NLD","Netherlands",59.7449989318848,1.583,51.82651,"Yes",NA,79.2030029296875,2.8843536,NA
"50",2009,"POL","Poland",47.423999786377,1.298,57.88694,"Yes",NA,55.6049995422363,2.3905897,NA
"51",2009,"PRT","Portugal",55.632999420166,1.446,53.35146,"Yes",NA,60.7480010986328,3.5119047,NA
"52",2009,"ROU","Romania",45.8720016479492,NA,56.28326,"Yes",NA,40.8919982910156,NA,NA
"53",2009,"SVK","Slovak Republic",50.1839981079102,1.983,60.46928,"Yes",NA,58.4850006103516,2.6349208,NA
"54",2009,"SVN","Slovenia",53.5260009765625,2.056,57.9626,"No",NA,57.7190017700195,2.7029479,NA
"55",2009,"ESP","Spain",50.7770004272461,1.474,54.11043,"Yes",NA,71.2910003662109,2.6598639,NA
"56",2009,"SWE","Sweden",59.3390007019043,3.536,60.13536,"Yes",NA,77.6669998168945,2.5170066,NA
"57",2009,"GBR","United Kingdom",55.4879989624023,3.83,56.97435,"Yes",NA,79.2779998779297,1.7585034,NA
"58",2009,"USA","United States",58.1450004577637,0.739,57.13252,"Yes",NA,79.5800018310547,1.1714286,NA
"59",2010,"AUT","Austria",53.5069999694824,2.817,NA,NA,28.3,69.8789978027344,2.4421768,28.3
"60",2010,"BEL","Belgium",47.4910011291504,2.811,55.18842,NA,38.9,75.2730026245117,3.1309524,38.9
"61",2010,"BGR","Bulgaria",47.6980018615723,NA,55.51542,NA,20.8,60.2060012817383,NA,20.8
"62",2010,"HRV","Croatia",46.193000793457,NA,56.30585,NA,23.5,58.2939987182617,NA,23.5
"63",2010,"CYP","Cyprus",57.6100006103516,NA,46.12664,NA,12.5,75.802001953125,NA,12.5
"64",2010,"CZE","Czech Republic",49.2319984436035,2.38,56.81919,NA,21,58.9169998168945,2.7511337,21
"65",2010,"DNK","Denmark",59.798999786377,3.791,58.06407,NA,38,77.9710006713867,2.2749434,38
"66",2010,"EST","Estonia",55.0250015258789,2.561,60.93209,NA,22.8,65.4649963378906,2.0663266,22.8
"67",2010,"FIN","Finland",56.0250015258789,3.12,53.83161,NA,40,72.2600021362305,2.1666667,40
"68",2010,"FRA","France",50.9230003356934,2.862,54.95353,NA,20,74.8379974365234,2.8225625,20
"69",2010,"DEU","Germany",52.7879981994629,2.153,NA,NA,31.7,70.0429992675781,2.8418367,31.7
"70",2010,"GRC","Greece",44.75,1.359,49.8428,NA,17.3,68.0169982910156,2.8503401,17.3
"71",2010,"HUN","Hungary",43.7770004272461,3.414,56.50623,NA,9.1,64.754997253418,2.2647393,9.1
"72",2010,"IRL","Ireland",53.2960014343262,3.732,52.38829,NA,16.1,75.9089965820313,1.978458,16.1
"73",2010,"ITA","Italy",37.7849998474121,1.348,57.61889,NA,20.3,67.6230010986328,3.0323131,20.3
"74",2010,"LVA","Latvia",53.8499984741211,1.517,62.74574,NA,20,68.3109970092773,NA,20
"75",2010,"LTU","Lithuania",52.5460014343262,NA,59.41859,NA,19.1,66.6100006103516,NA,19.1
"76",2010,"LUX","Luxembourg",48.8279991149902,4.006,51.91592,NA,20,85.5510025024414,2.7352607,20
"77",2010,"MLT","Malta",34.0830001831055,NA,56.33764,NA,8.7,73.1460037231445,NA,8.7
"78",2010,"NLD","Netherlands",58.2490005493164,1.536,51.83337,NA,38.7,79.2949981689453,2.8843536,38.7
"79",2010,"POL","Poland",48.2719993591309,1.336,59.17546,NA,17.9,56.6430015563965,2.3905897,17.9
"80",2010,"PRT","Portugal",55.8139991760254,1.385,53.30073,NA,27.4,61.5460014343262,3.3078232,27.4
"81",2010,"ROU","Romania",46.3310012817383,NA,56.42722,NA,9.8,40.6730003356934,NA,9.8
"82",2010,"SVK","Slovak Republic",50.6370010375977,2,59.7486,NA,15.3,59.6500015258789,2.6349208,15.3
"83",2010,"SVN","Slovenia",53.1829986572266,2.123,57.84214,NA,10.8,58.601001739502,2.7029479,10.8
"84",2010,"ESP","Spain",51.5439987182617,1.462,53.92973,NA,34.1,72.8280029296875,2.6598639,34.1
"85",2010,"SWE","Sweden",58.8979988098145,3.441,59.40091,NA,45,78.015998840332,2.5170066,45
"86",2010,"GBR","United Kingdom",55.4550018310547,3.964,56.56481,NA,21,79.5739974975586,1.7585034,21
"87",2010,"USA","United States",57.5,0.747,57.07055,NA,16.8,79.9059982299805,1.1714286,16.8
"88",2011,"AUT","Austria",53.8400001525879,2.599,NA,"No",28.7,69.0370025634766,2.4421768,28.7
"89",2011,"BEL","Belgium",46.8059997558594,2.835,55.26676,"Yes",38.9,75.4660034179688,3.1309524,38.9
"90",2011,"BGR","Bulgaria",47.2179985046387,NA,55.11191,"Yes",20.8,61.765998840332,NA,20.8
"91",2011,"HRV","Croatia",44.6279983520508,NA,57.32463,"Yes",23.8,57.4599990844727,NA,23.8
"92",2011,"CYP","Cyprus",56.8170013427734,NA,49.77583,NA,10.7,75.2740020751953,NA,10.7
"93",2011,"CZE","Czech Republic",49.431999206543,2.201,57.19835,"Yes",21,58.5579986572266,2.7511337,21
"94",2011,"DNK","Denmark",59.6310005187988,3.814,57.62633,"Yes",39.1,77.7109985351563,2.3202949,39.1
"95",2011,"EST","Estonia",55.560001373291,2.233,59.73551,"Yes",19.8,63.1529998779297,2.0663266,19.8
"96",2011,"FIN","Finland",55.8110008239746,3.092,53.98851,"Yes",42.5,72.7750015258789,2.1666667,42.5
"97",2011,"FRA","France",50.7750015258789,2.811,54.82233,"Yes",20.1,74.9179992675781,2.8225625,20.1
"98",2011,"DEU","Germany",53.6570014953613,2.096,NA,"No",32.4,70.1190032958984,2.8418367,32.4
"99",2011,"GRC","Greece",44.568000793457,1.379,49.29284,"Yes",18.7,69.9619979858398,2.4444444,18.7
"100",2011,"HUN","Hungary",43.9020004272461,3.209,55.85675,"Yes",8.8,64.2750015258789,2.2647393,8.8
"101",2011,"IRL","Ireland",52.992000579834,3.472,51.72804,"Yes",19,76.6340026855469,1.978458,19
"102",2011,"ITA","Italy",37.935001373291,1.342,57.64316,"Yes",20.6,68.0299987792969,3.0323131,20.6
"103",2011,"LVA","Latvia",53.0169982910156,1.127,61.07302,"Yes",23,68.1959991455078,NA,23
"104",2011,"LTU","Lithuania",53.1069984436035,NA,58.9893,"Yes",19.1,66.9560012817383,NA,19.1
"105",2011,"LUX","Luxembourg",49.4080009460449,3.603,NA,NA,25,85.4069976806641,2.7352607,25
"106",2011,"MLT","Malta",35.4580001831055,NA,56.50509,NA,8.7,74.3119964599609,NA,8.7
"107",2011,"NLD","Netherlands",58.0929985046387,1.51,51.82266,"Yes",39.1,80.0469970703125,2.8843536,39.1
"108",2011,"POL","Poland",48.3720016479492,1.289,59.86606,"Yes",21.8,56.4189987182617,2.3905897,21.8
"109",2011,"PRT","Portugal",54.6129989624023,1.207,53.40855,"Yes",28.7,62.9360008239746,3.3078232,28.7
"110",2011,"ROU","Romania",46.1500015258789,NA,55.97769,"Yes",9.7,42.1809997558594,NA,9.7
"111",2011,"SVK","Slovak Republic",50.2099990844727,2.011,59.61998,"Yes",16,59.431999206543,2.6349208,16
"112",2011,"SVN","Slovenia",52.3540000915527,2.14,60.62688,"No",23.1,59.7430000305176,2.6689343,23.1
"113",2011,"ESP","Spain",52.1259994506836,1.349,53.88012,"Yes",34.9,74.1399993896484,2.5578232,34.9
"114",2011,"SWE","Sweden",59.423999786377,3.454,59.10491,"Yes",44.7,78.0839996337891,2.5170066,44.7
"115",2011,"GBR","United Kingdom",55.5190010070801,3.953,56.352,"Yes",22.1,79.6029968261719,1.7585034,22.1
"116",2011,"USA","United States",56.9290008544922,0.722,56.96252,"Yes",16.9,79.7809982299805,1.1714286,16.9
"117",2012,"AUT","Austria",54.3359985351563,2.561,NA,NA,28.7,69.245002746582,2.4421768,28.7
"118",2012,"BEL","Belgium",46.8899993896484,2.796,55.48741,NA,38.9,77.0719985961914,2.9948978,38.9
"119",2012,"BGR","Bulgaria",47.8230018615723,NA,54.6371,NA,22.9,62.2379989624023,NA,22.9
"120",2012,"HRV","Croatia",44.556999206543,NA,56.67402,NA,23.8,59.8349990844727,NA,23.8
"121",2012,"CYP","Cyprus",56.1809997558594,NA,53.0593,NA,10.7,76.9169998168945,NA,10.7
"122",2012,"CZE","Czech Republic",50.0660018920898,2.181,57.24848,NA,20.6,58.8269996643066,2.6604307,20.6
"123",2012,"DNK","Denmark",59.1080017089844,3.692,57.40212,NA,39.1,77.6969985961914,2.3202949,39.1
"124",2012,"EST","Estonia",55.3610000610352,2.029,59.16103,NA,20.8,64.4029998779297,2.0663266,20.8
"125",2012,"FIN","Finland",55.9440002441406,3.195,53.67178,NA,42.5,73.0550003051758,2.1666667,42.5
"126",2012,"FRA","France",50.9309997558594,2.885,54.83328,NA,25.1,75.3209991455078,2.8225625,25.1
"127",2012,"DEU","Germany",53.7039985656738,2.124,NA,NA,32.4,70.2460021972656,2.8418367,32.4
"128",2012,"GRC","Greece",44.875,1.284,49.12264,NA,21,70.4530029296875,2.4444444,21
"129",2012,"HUN","Hungary",44.8009986877441,3.1,55.50049,NA,8.8,65.1439971923828,2.2647393,8.8
"130",2012,"IRL","Ireland",52.742000579834,3.445,50.86038,NA,19,77.0309982299805,2.0691609,19
"131",2012,"ITA","Italy",39.1629981994629,1.392,57.49622,NA,20.6,68.7239990234375,3.0323131,20.6
"132",2012,"LVA","Latvia",54.2220001220703,1.005,59.61089,NA,23,68.1500015258789,2.9070296,23
"133",2012,"LTU","Lithuania",53.6269989013672,NA,58.44253,NA,24.5,66.120002746582,NA,24.5
"134",2012,"LUX","Luxembourg",50.9700012207031,3.658,52.12818,NA,21.7,86.0029983520508,2.7352607,21.7
"135",2012,"MLT","Malta",37.4620018005371,NA,56.13374,NA,8.7,76.6740036010742,NA,8.7
"136",2012,"NLD","Netherlands",58.625,1.398,51.42829,NA,37.8,80.0609970092773,2.8843536,37.8
"137",2012,"POL","Poland",48.7639999389648,1.239,59.85591,NA,21.8,57.0060005187988,2.3905897,21.8
"138",2012,"PRT","Portugal",54.6520004272461,1.236,53.49025,NA,28.7,64.0429992675781,2.8996599,28.7
"139",2012,"ROU","Romania",46.2799987792969,NA,54.31959,NA,11.6,42.0810012817383,NA,11.6
"140",2012,"SVK","Slovak Republic",50.7270011901855,2.048,59.60891,NA,18.7,59.2270011901855,2.1649661,18.7
"141",2012,"SVN","Slovenia",52.318000793457,2.074,57.73295,NA,24.6,60.6360015869141,2.6689343,24.6
"142",2012,"ESP","Spain",52.6440010070801,1.361,53.61311,NA,35.2,75.1119995117188,2.5578232,35.2
"143",2012,"SWE","Sweden",59.6790008544922,3.565,59.71438,NA,44.7,78.3290023803711,2.5170066,44.7
"144",2012,"GBR","United Kingdom",55.7799987792969,3.989,56.27101,NA,22.6,79.7460021972656,1.7585034,22.6
"145",2012,"USA","United States",56.7000007629395,0.693,57.00462,NA,18.4,79.9329986572266,1.1714286,18.4
"146",2013,"AUT","Austria",54.5970001220703,2.574,NA,"No",32.2,69.5169982910156,2.4421768,32.2
"147",2013,"BEL","Belgium",47.5950012207031,2.857,55.71662,"Yes",38.9,76.9369964599609,2.9948978,38.9
"148",2013,"BGR","Bulgaria",48.5270004272461,NA,54.54062,"Yes",24.6,63.1529998779297,NA,24.6
"149",2013,"HRV","Croatia",44.6129989624023,NA,56.45627,"Yes",23.8,61.5890007019043,NA,23.8
"150",2013,"CYP","Cyprus",56.2610015869141,NA,55.35117,NA,10.7,79.3320007324219,NA,10.7
"151",2013,"CZE","Czech Republic",50.9879989624023,2.216,57.41471,"Yes",18.9,59.4580001831055,2.6604307,18.9
"152",2013,"DNK","Denmark",58.5859985351563,3.656,56.9094,"Yes",39.1,77.9929962158203,2.3202949,39.1
"153",2013,"EST","Estonia",55.3380012512207,1.998,58.46064,"Yes",20.8,65.4649963378906,2.0663266,20.8
"154",2013,"FIN","Finland",55.5,3.208,53.67546,"Yes",42.5,73.0199966430664,2.1666667,42.5
"155",2013,"FRA","France",51.0810012817383,2.914,54.55446,"Yes",25.1,75.620002746582,2.8225625,25.1
"156",2013,"DEU","Germany",54.310001373291,2.171,47.12473,"No",35.6,70.7760009765625,2.8418367,35.6
"157",2013,"GRC","Greece",44.7220001220703,NA,48.77549,"Yes",21,70.7480010986328,2.4104307,21
"158",2013,"HUN","Hungary",44.9080009460449,2.958,55.18187,"Yes",8.8,65.3280029296875,2.0742631,8.8
"159",2013,"IRL","Ireland",53.1279983520508,3.292,50.4553,"Yes",19.9,76.0979995727539,2.0691609,19.9
"160",2013,"ITA","Italy",39.0320014953613,1.419,57.05949,"Yes",30.6,69.3519973754883,2.8894558,30.6
"161",2013,"LVA","Latvia",53.923999786377,1.173,58.99083,"Yes",23,68.0220031738281,2.9070296,23
"162",2013,"LTU","Lithuania",53.2560005187988,NA,58.39193,"Yes",24.1,66.052001953125,NA,24.1
"163",2013,"LUX","Luxembourg",51.109001159668,3.612,NA,NA,28.3,86.3720016479492,2.7352607,28.3
"164",2013,"MLT","Malta",39.2599983215332,NA,55.52728,NA,14.3,76.8550033569336,NA,14.3
"165",2013,"NLD","Netherlands",58.5369987487793,1.347,NA,"Yes",37.8,81.3889999389648,2.9379251,37.8
"166",2013,"POL","Poland",48.7779998779297,NA,59.81659,"Yes",21.8,57.4609985351563,2.3905897,21.8
"167",2013,"PRT","Portugal",54.1279983520508,1.2,53.16846,"Yes",31.3,66.072998046875,2.6853743,31.3
"168",2013,"ROU","Romania",46.0029983520508,NA,53.90637,"Yes",11.6,42.4640007019043,NA,11.6
"169",2013,"SVK","Slovak Republic",51.0709991455078,2.055,59.66269,"Yes",18.7,60.867000579834,2.2556689,18.7
"170",2013,"SVN","Slovenia",51.7929992675781,1.958,57.54304,"No",24.6,60.4669990539551,2.6689343,24.6
"171",2013,"ESP","Spain",52.6189994812012,1.332,53.54788,"Yes",35.2,75.9520034790039,2.3554423,35.2
"172",2013,"SWE","Sweden",60.1520004272461,3.637,59.69061,"Yes",45,78.8109970092773,2.5170066,45
"173",2013,"GBR","United Kingdom",56.1440010070801,3.802,56.07889,"Yes",22.6,80.0770034790039,1.6632653,22.6
"174",2013,"USA","United States",56.2919998168945,0.688,56.58021,"Yes",18.2,79.7320022583008,1.1714286,18.2
"175",2014,"AUT","Austria",54.5610008239746,NA,53.28977,NA,31.4,69.4120025634766,NA,31.4
"176",2014,"BEL","Belgium",48.0099983215332,NA,55.85267,NA,42.4,77.3889999389648,NA,42.4
"177",2014,"BGR","Bulgaria",48.6290016174316,NA,54.26942,NA,20,62.8769989013672,NA,20
"178",2014,"HRV","Croatia",46.5060005187988,NA,56.78757,NA,23.8,63.5019989013672,NA,23.8
"179",2014,"CYP","Cyprus",57.8120002746582,NA,57.3677,NA,12.5,79.052001953125,NA,12.5
"180",2014,"CZE","Czech Republic",50.9679985046387,NA,57.14555,NA,18.5,59.2120018005371,NA,18.5
"181",2014,"DNK","Denmark",58.0110015869141,NA,57.31738,NA,39.1,78.2600021362305,NA,39.1
"182",2014,"EST","Estonia",54.5909996032715,NA,58.71862,NA,19,65.9940032958984,NA,19
"183",2014,"FIN","Finland",55.5060005187988,NA,53.635,NA,42.5,73.8489990234375,NA,42.5
"184",2014,"FRA","France",50.8870010375977,NA,54.51768,NA,25.7,76.5810012817383,NA,25.7
"185",2014,"DEU","Germany",54.5149993896484,NA,47.40508,NA,35.6,70.5199966430664,NA,35.6
"186",2014,"GRC","Greece",44.851001739502,NA,48.67536,NA,21,71.4509963989258,NA,21
"187",2014,"HUN","Hungary",46.2809982299805,NA,55.24366,NA,10.1,64.8219985961914,NA,10.1
"188",2014,"IRL","Ireland",52.7150001525879,NA,50.52768,NA,19.5,76.0650024414063,NA,19.5
"189",2014,"ITA","Italy",39.4000015258789,NA,56.77916,NA,30.6,69.4550018310547,NA,30.6
"190",2014,"LVA","Latvia",53.4480018615723,NA,57.54926,NA,18,68.6490020751953,NA,18
"191",2014,"LTU","Lithuania",54.0769996643066,NA,58.07371,NA,24.1,66.1100006103516,2.4155328,24.1
"192",2014,"LUX","Luxembourg",51.992000579834,NA,NA,NA,28.3,87.5910034179688,NA,28.3
"193",2014,"MLT","Malta",40.6920013427734,NA,54.86122,NA,14.3,77.7249984741211,NA,14.3
"194",2014,"NLD","Netherlands",57.8139991760254,NA,NA,NA,37.8,81.4810028076172,NA,37.8
"195",2014,"POL","Poland",49.1640014648438,NA,59.37495,NA,22.3,57.9669990539551,NA,22.3
"196",2014,"PRT","Portugal",53.7980003356934,NA,53.54721,NA,31.3,67.4940032958984,NA,31.3
"197",2014,"ROU","Romania",46.1459999084473,NA,53.78482,NA,11.7,42.7239990234375,NA,11.7
"198",2014,"SVK","Slovak Republic",51.1189994812012,NA,59.6551,NA,18.7,61.0579986572266,NA,18.7
"199",2014,"SVN","Slovenia",52.3460006713867,NA,57.75198,NA,26.9,59.4410018920898,2.3871882,26.9
"200",2014,"ESP","Spain",52.3759994506836,NA,53.34382,NA,37,76.306999206543,NA,37
"201",2014,"SWE","Sweden",60.3409996032715,NA,59.41729,NA,44.7,79.4219970703125,NA,44.7
"202",2014,"GBR","United Kingdom",56.4249992370605,NA,55.96027,NA,23,79.7809982299805,1.5918368,23
"203",2014,"USA","United States",56.1100006103516,NA,56.30172,NA,19.4,79.443000793457,NA,19.4
"204",2015,"AUT","Austria",54.5359992980957,NA,53.22822,"No",30.3,69.7050018310547,NA,30.3
"205",2015,"BEL","Belgium",48.023998260498,NA,55.87891,"Yes",42.4,77.3889999389648,NA,42.4
"206",2015,"BGR","Bulgaria",48.632999420166,NA,54.56152,"Yes",20.4,63.2490005493164,NA,20.4
"207",2015,"HRV","Croatia",46.9900016784668,NA,56.47134,"Yes",15.2,64.0599975585938,2.2981858,15.2
"208",2015,"CYP","Cyprus",57.8880004882813,NA,56.76963,"Yes",12.5,79.7799987792969,NA,12.5
"209",2015,"CZE","Czech Republic",51.4220008850098,NA,57.29062,"Yes",19.6,59.048999786377,NA,19.6
"210",2015,"DNK","Denmark",57.7099990844727,NA,57.07333,"Yes",37.4,78.213996887207,NA,37.4
"211",2015,"EST","Estonia",55.9900016784668,NA,58.80574,"Yes",23.8,65.4359970092773,NA,23.8
"212",2015,"FIN","Finland",55.5209999084473,NA,53.59497,"Yes",41.5,74.0719985961914,NA,41.5
"213",2015,"FRA","France",50.7290000915527,NA,54.50222,"Yes",25.7,76.8789978027344,NA,25.7
"214",2015,"DEU","Germany",54.6080017089844,NA,47.94332,"No",36.9,70.9169998168945,NA,36.9
"215",2015,"GRC","Greece",45.4739990234375,NA,NA,"Yes",19.7,72.1630020141602,NA,19.7
"216",2015,"HUN","Hungary",47.2529983520508,NA,54.53987,"Yes",10.1,64.7710037231445,NA,10.1
"217",2015,"IRL","Ireland",52.6269989013672,NA,50.9076,"Yes",19.9,75.3040008544922,NA,19.9
"218",2015,"ITA","Italy",39.0029983520508,NA,56.33151,"Yes",30.1,69.6480026245117,NA,30.1
"219",2015,"LVA","Latvia",54.2599983215332,NA,59.56614,"Yes",18,68.4150009155273,NA,18
"220",2015,"LTU","Lithuania",54.5460014343262,NA,57.57418,"Yes",23.4,65.8580017089844,2.4155328,23.4
"221",2015,"LUX","Luxembourg",53.5589981079102,NA,50.98608,"Yes",28.3,86.431999206543,NA,28.3
"222",2015,"MLT","Malta",41.6110000610352,NA,55.90194,"Yes",12.9,78.5780029296875,NA,12.9
"223",2015,"NLD","Netherlands",58.2029991149902,NA,52.30756,"Yes",36.4,81.2490005493164,NA,36.4
"224",2015,"POL","Poland",48.9959983825684,NA,59.03867,"Yes",24.8,57.9290008544922,NA,24.8
"225",2015,"PRT","Portugal",53.7770004272461,NA,53.27001,"Yes",34.8,68.1210021972656,NA,34.8
"226",2015,"ROU","Romania",45.1940002441406,NA,53.66369,"Yes",12,45.9550018310547,NA,12
"227",2015,"SVK","Slovak Republic",51.9980010986328,NA,59.5759,"Yes",18.7,60.7089996337891,NA,18.7
"228",2015,"SVN","Slovenia",52.0340003967285,NA,58.17371,"No",27.7,60.9150009155273,NA,27.7
"229",2015,"ESP","Spain",52.3160018920898,NA,53.14381,"Yes",38,75.9729995727539,NA,38
"230",2015,"SWE","Sweden",60.6220016479492,NA,59.19866,"Yes",43.6,79.6750030517578,NA,43.6
"231",2015,"GBR","United Kingdom",56.5530014038086,NA,56.14819,"Yes",26.7,80.2070007324219,NA,26.7
"232",2015,"USA","United States",55.8320007324219,NA,56.23702,"Yes",19.5,79.4860000610352,NA,19.5
"233",2016,"AUT","Austria",54.9469985961914,NA,53.04907,NA,30.3,70.088996887207,NA,30.3
"234",2016,"BEL","Belgium",47.765998840332,NA,55.69205,NA,42.4,77.4860000610352,NA,42.4
"235",2016,"BGR","Bulgaria",47.7630004882813,NA,53.91647,NA,20.4,63.4570007324219,NA,20.4
"236",2016,"HRV","Croatia",45.5559997558594,NA,56.85021,NA,12.6,65.4229965209961,NA,12.6
"237",2016,"CYP","Cyprus",58.0690002441406,NA,NA,NA,17.9,79.3059997558594,NA,17.9
"238",2016,"CZE","Czech Republic",52.0660018920898,NA,57.31688,NA,19.6,59.0270004272461,NA,19.6
"239",2016,"DNK","Denmark",59.3120002746582,NA,56.36836,NA,37.4,78.8249969482422,NA,37.4
"240",2016,"EST","Estonia",56.4729995727539,NA,58.71761,NA,23.8,66.3830032348633,NA,23.8
"241",2016,"FIN","Finland",54.9539985656738,NA,53.27581,NA,41.5,73.9789962768555,NA,41.5
"242",2016,"FRA","France",50.6749992370605,NA,54.41298,NA,25.7,76.8339996337891,NA,25.7
"243",2016,"DEU","Germany",54.9599990844727,NA,48.24954,NA,36.9,71.3099975585938,NA,36.9
"244",2016,"GRC","Greece",45.7019996643066,NA,48.51428,NA,19.7,72.3830032348633,NA,19.7
"245",2016,"HUN","Hungary",47.9620018005371,NA,54.34466,NA,10.1,64.5220031738281,NA,10.1
"246",2016,"IRL","Ireland",53.2410011291504,NA,51.46444,NA,24.3,74.838996887207,NA,24.3
"247",2016,"ITA","Italy",39.6349983215332,NA,55.97302,NA,30.1,69.9929962158203,NA,30.1
"248",2016,"LVA","Latvia",55.2799987792969,NA,59.10159,NA,18,68.1940002441406,NA,18
"249",2016,"LTU","Lithuania",55.859001159668,NA,56.87169,NA,21.3,66.8870010375977,NA,21.3
"250",2016,"LUX","Luxembourg",52.2400016784668,NA,50.97785,NA,28.3,86.9250030517578,NA,28.3
"251",2016,"MLT","Malta",42.3380012512207,NA,55.66059,NA,12.9,78.875,NA,12.9
"252",2016,"NLD","Netherlands",58.0200004577637,NA,51.93131,NA,36.4,81.2539978027344,NA,36.4
"253",2016,"POL","Poland",49.0200004577637,NA,59.03451,NA,24.8,57.9679985046387,NA,24.8
"254",2016,"PRT","Portugal",53.5750007629395,NA,53.06091,NA,34.8,68.5869979858398,NA,34.8
"255",2016,"ROU","Romania",44.476001739502,NA,53.89056,NA,12,47.015998840332,NA,12
"256",2016,"SVK","Slovak Republic",52.6529998779297,NA,59.2109,NA,20,60.6440010070801,NA,20
"257",2016,"SVN","Slovenia",52.0730018615723,NA,57.62766,NA,27.7,61.8030014038086,NA,27.7
"258",2016,"ESP","Spain",52.3019981384277,NA,53.26393,NA,38.6,76.1709976196289,NA,38.6
"259",2016,"SWE","Sweden",60.6660003662109,NA,59.3799,NA,43.6,79.9140014648438,NA,43.6
"260",2016,"GBR","United Kingdom",56.773998260498,NA,56.39339,NA,27.3,80.4189987182617,NA,27.3
"261",2016,"USA","United States",55.9900016784668,NA,56.06952,NA,19.5,79.5490036010742,NA,19.5
"262",2017,"AUT","Austria",54.951000213623,NA,NA,"No",33.6,70.0719985961914,NA,33.6
"263",2017,"BEL","Belgium",47.8079986572266,NA,NA,"Yes",41.4,77.3880004882813,NA,41.4
"264",2017,"BGR","Bulgaria",47.7700004577637,NA,NA,"Yes",23.8,64.4670028686523,NA,23.8
"265",2017,"HRV","Croatia",45.4860000610352,NA,NA,"Yes",18.5,65.4140014648438,NA,18.5
"266",2017,"CYP","Cyprus",58.0779991149902,NA,NA,"Yes",17.9,79.427001953125,NA,17.9
"267",2017,"CZE","Czech Republic",51.9580001831055,NA,NA,"Yes",21.1,59.265998840332,NA,21.1
"268",2017,"DNK","Denmark",59.1809997558594,NA,NA,"Yes",37.4,78.625,NA,37.4
"269",2017,"EST","Estonia",56.3629989624023,NA,NA,"Yes",26.7,66.2109985351563,NA,26.7
"270",2017,"FIN","Finland",54.806999206543,NA,NA,"Yes",42,73.8330001831055,NA,42
"271",2017,"FRA","France",50.5639991760254,NA,NA,"Yes",35.4,76.7600021362305,NA,35.4
"272",2017,"DEU","Germany",55.0270004272461,NA,NA,"No",31.5,71.4570007324219,NA,31.5
"273",2017,"GRC","Greece",45.5,NA,NA,"Yes",18.3,72.5739974975586,NA,18.3
"274",2017,"HUN","Hungary",47.9109992980957,NA,NA,"Yes",10.1,64.8359985351563,NA,10.1
"275",2017,"IRL","Ireland",52.976001739502,NA,NA,"Yes",24.3,75.4889984130859,NA,24.3
"276",2017,"ITA","Italy",39.5299987792969,NA,NA,"Yes",30.1,69.7620010375977,NA,30.1
"277",2017,"LVA","Latvia",55.2089996337891,NA,NA,"Yes",16,68.4550018310547,NA,16
"278",2017,"LTU","Lithuania",55.9059982299805,NA,NA,"Yes",21.3,67.1699981689453,NA,21.3
"279",2017,"LUX","Luxembourg",52.2690010070801,NA,NA,"Yes",28.3,87.0899963378906,NA,28.3
"280",2017,"MLT","Malta",42.3040008544922,NA,NA,"Yes",11.9,79.3369979858398,NA,11.9
"281",2017,"NLD","Netherlands",57.9659996032715,NA,NA,"Yes",35.6,81.25,NA,35.6
"282",2017,"POL","Poland",48.7840003967285,NA,NA,"Yes",25.5,58.1110000610352,NA,25.5
"283",2017,"PRT","Portugal",53.3120002746582,NA,NA,"Yes",34.8,68.3430023193359,NA,34.8
"284",2017,"ROU","Romania",44.1040000915527,NA,NA,"Yes",18.7,47.9560012817383,NA,18.7
"285",2017,"SVK","Slovak Republic",52.4529991149902,NA,NA,"Yes",20,60.7519989013672,NA,20
"286",2017,"SVN","Slovenia",51.734001159668,NA,NA,"No",28.7,62.484001159668,NA,28.7
"287",2017,"ESP","Spain",52.1520004272461,NA,NA,"Yes",38.6,76.3639984130859,NA,38.6
"288",2017,"SWE","Sweden",60.7569999694824,NA,NA,"Yes",43.6,79.995002746582,NA,43.6
"289",2017,"GBR","United Kingdom",56.8160018920898,NA,NA,"Yes",28.5,80.5299987792969,NA,28.5
"290",2017,"USA","United States",55.7350006103516,NA,56.22193335,"Yes",19.7,79.4459991455078,NA,19.7
