Series Name,Series Code,Country Name,Country Code,2008 [YR2008],2009 [YR2009],2010 [YR2010],2011 [YR2011],2012 [YR2012],2013 [YR2013],2014 [YR2014],2015 [YR2015],2016 [YR2016],2017 [YR2017]
Employment in services (% of total employment) (modeled ILO estimate),SL.SRV.EMPL.ZS,Afghanistan,AFG,25.7910003662109,26.8579998016357,29.3910007476807,30.8549995422363,32.0190010070801,32.1319999694824,31.8770008087158,32.1450004577637,31.9099998474121,31.1110000610352
Employment in services (% of total employment) (modeled ILO estimate),SL.SRV.EMPL.ZS,Albania,ALB,31.9379997253418,36.0069999694824,36.7229995727539,35.7459983825684,36.0219993591309,37.9980010986328,39.5859985351563,40.0209999084473,40.8880004882813,41.1419982910156
Employment in services (% of total employment) (modeled ILO estimate),SL.SRV.EMPL.ZS,Algeria,DZA,45.7589988708496,43.6570014953613,44.0379981994629,45.1300010681152,44.5639991760254,46.0470008850098,39.4150009155273,39.3300018310547,40.1749992370605,40.1980018615723
Employment in services (% of total employment) (modeled ILO estimate),SL.SRV.EMPL.ZS,American Samoa,ASM,..,..,..,..,..,..,..,..,..,..
Employment in services (% of total employment) (modeled ILO estimate),SL.SRV.EMPL.ZS,Andorra,AND,..,..,..,..,..,..,..,..,..,..
Employment in services (% of total employment) (modeled ILO estimate),SL.SRV.EMPL.ZS,Angola,AGO,50.9889984130859,48.2019996643066,44.0190010070801,40.8190002441406,40.6479988098145,41.7669982910156,41.8540000915527,42.1769981384277,41.9550018310547,40.7809982299805
Employment in services (% of total employment) (modeled ILO estimate),SL.SRV.EMPL.ZS,Antigua and Barbuda,ATG,..,..,..,..,..,..,..,..,..,..
Employment in services (% of total employment) (modeled ILO estimate),SL.SRV.EMPL.ZS,Argentina,ARG,74.7839965820313,75.5790023803711,75.3870010375977,75.3929977416992,75.7279968261719,75.4349975585938,75.2939987182617,75.7300033569336,75.8219985961914,76.1279983520508
Employment in services (% of total employment) (modeled ILO estimate),SL.SRV.EMPL.ZS,Armenia,ARM,43.4160003662109,43.4659996032715,43.9900016784668,44.3969993591309,45.0320014953613,46.7159996032715,48.4459991455078,48.7610015869141,50.1110000610352,49.6710014343262
Employment in services (% of total employment) (modeled ILO estimate),SL.SRV.EMPL.ZS,Aruba,ABW,..,..,..,..,..,..,..,..,..,..
Employment in services (% of total employment) (modeled ILO estimate),SL.SRV.EMPL.ZS,Australia,AUS,75.068000793457,75.625,75.7929992675781,76.3450012207031,76.4810028076172,76.8949966430664,76.8570022583008,77.9010009765625,77.947998046875,78.2799987792969
Employment in services (% of total employment) (modeled ILO estimate),SL.SRV.EMPL.ZS,Austria,AUT,68.5130004882813,69.7080001831055,69.8789978027344,69.0370025634766,69.245002746582,69.5169982910156,69.4120025634766,69.7050018310547,70.088996887207,70.0719985961914
Employment in services (% of total employment) (modeled ILO estimate),SL.SRV.EMPL.ZS,Azerbaijan,AZE,48.2770004272461,49.2060012817383,48.0530014038086,48.0429992675781,48.060001373291,48.523998260498,48.9420013427734,49.5800018310547,49.3349990844727,48.4739990234375
Employment in services (% of total employment) (modeled ILO estimate),SL.SRV.EMPL.ZS,"Bahamas, The",BHS,80.8089981079102,81.0559997558594,82.0009994506836,83.3379974365234,82.875,82.7509994506836,82.2610015869141,83.9779968261719,84.2969970703125,84.2480010986328
Employment in services (% of total employment) (modeled ILO estimate),SL.SRV.EMPL.ZS,Bahrain,BHR,62.3730010986328,63.4000015258789,63.193000793457,63.890998840332,63.8610000610352,64.379997253418,64.1230010986328,63.693000793457,63.2960014343262,63.8979988098145
Employment in services (% of total employment) (modeled ILO estimate),SL.SRV.EMPL.ZS,Bangladesh,BGD,35.8880004882813,35.3400001525879,35.0660018920898,33.9379997253418,33.9000015258789,34.1119995117188,35.3330001831055,36.8759994506836,38.0209999084473,39.8470001220703
Employment in services (% of total employment) (modeled ILO estimate),SL.SRV.EMPL.ZS,Barbados,BRB,72.0439987182617,69.7259979248047,69.2129974365234,76.5989990234375,78.0350036621094,77.6449966430664,76.7399978637695,77.8130035400391,77.8199996948242,77.8820037841797
Employment in services (% of total employment) (modeled ILO estimate),SL.SRV.EMPL.ZS,Belarus,BLR,51.4900016784668,53.0169982910156,54.5449981689453,54.5110015869141,55.3209991455078,55.9739990234375,56.7669982910156,58.0849990844727,58.7480010986328,58.9570007324219
Employment in services (% of total employment) (modeled ILO estimate),SL.SRV.EMPL.ZS,Belgium,BEL,73.7750015258789,75.0390014648438,75.2730026245117,75.4660034179688,77.0719985961914,76.9369964599609,77.3889999389648,77.3889999389648,77.4860000610352,77.3880004882813
Employment in services (% of total employment) (modeled ILO estimate),SL.SRV.EMPL.ZS,Belize,BLZ,62.265998840332,63.7319984436035,64.7990036010742,64.4960021972656,65.5479965209961,66.1750030517578,66.9420013427734,67.9000015258789,69.802001953125,69.5169982910156
Employment in services (% of total employment) (modeled ILO estimate),SL.SRV.EMPL.ZS,Benin,BEN,43.7750015258789,43.6640014648438,44.201000213623,37.8349990844727,39.0769996643066,39.6150016784668,40.0989990234375,40.0270004272461,40.5340003967285,38.3170013427734
Employment in services (% of total employment) (modeled ILO estimate),SL.SRV.EMPL.ZS,Bermuda,BMU,..,..,..,..,..,..,..,..,..,..
Employment in services (% of total employment) (modeled ILO estimate),SL.SRV.EMPL.ZS,Bhutan,BTN,26.3729991912842,28.2059993743896,33.7709999084473,30.6459999084473,29.1429996490479,32.6980018615723,32.5270004272461,32.3530006408691,33.6640014648438,33.4729995727539
Employment in services (% of total employment) (modeled ILO estimate),SL.SRV.EMPL.ZS,Bolivia,BOL,48.7000007629395,49.2089996337891,49.326000213623,49.2760009765625,51.6110000610352,50.9379997253418,48.5180015563965,49.6240005493164,50.0219993591309,50.6160011291504
Employment in services (% of total employment) (modeled ILO estimate),SL.SRV.EMPL.ZS,Bosnia and Herzegovina,BIH,48.3219985961914,50.2859992980957,51.2120018005371,51.3320007324219,51.6189994812012,51.9049987792969,52.9179992675781,44.5830001831055,48.4939994812012,48.7190017700195
Employment in services (% of total employment) (modeled ILO estimate),SL.SRV.EMPL.ZS,Botswana,BWA,57.4930000305176,56.7980003356934,59.826000213623,58.1959991455078,58.1980018615723,59.4819984436035,59.9199981689453,59.2849998474121,60.3860015869141,60.2639999389648
Employment in services (% of total employment) (modeled ILO estimate),SL.SRV.EMPL.ZS,Brazil,BRA,59.867000579834,60.8520011901855,61.7400016784668,62.5060005187988,65.4899978637695,65.8639984130859,66.7460021972656,67.5989990234375,68.9489974975586,68.8290023803711
Employment in services (% of total employment) (modeled ILO estimate),SL.SRV.EMPL.ZS,British Virgin Islands,VGB,..,..,..,..,..,..,..,..,..,..
Employment in services (% of total employment) (modeled ILO estimate),SL.SRV.EMPL.ZS,Brunei Darussalam,BRN,80.1060028076172,80.1940002441406,80.0410003662109,79.9570007324219,79.8059997558594,79.5709991455078,80.8199996948242,80.8560028076172,81.4339981079102,81.8079986572266
Employment in services (% of total employment) (modeled ILO estimate),SL.SRV.EMPL.ZS,Bulgaria,BGR,56.0999984741211,57.6720008850098,60.2060012817383,61.765998840332,62.2379989624023,63.1529998779297,62.8769989013672,63.2490005493164,63.4570007324219,64.4670028686523
Employment in services (% of total employment) (modeled ILO estimate),SL.SRV.EMPL.ZS,Burkina Faso,BFA,20.0869998931885,23.7999992370605,27.7049999237061,31.6979999542236,35.4000015258789,38.7080001831055,37.625,38.5419998168945,39.173999786377,39.7639999389648
Employment in services (% of total employment) (modeled ILO estimate),SL.SRV.EMPL.ZS,Burundi,BDI,6.03399991989136,5.97900009155273,6.09800004959106,6.09800004959106,6.18300008773804,6.30900001525879,6.34800004959106,6.06500005722046,6.22499990463257,6.09899997711182
Employment in services (% of total employment) (modeled ILO estimate),SL.SRV.EMPL.ZS,Cabo Verde,CPV,22.8250007629395,22.6669998168945,23.0020008087158,23.5440006256104,24.2980003356934,24.6429996490479,24.4220008850098,24.386999130249,25.2350006103516,25.4080009460449
Employment in services (% of total employment) (modeled ILO estimate),SL.SRV.EMPL.ZS,Cambodia,KHM,19.1830005645752,24.4640007019043,29.5799999237061,35.8730010986328,41.5110015869141,42.3199996948242,43.4659996032715,44.3699989318848,45.5110015869141,46.2760009765625
Employment in services (% of total employment) (modeled ILO estimate),SL.SRV.EMPL.ZS,Cameroon,CMR,26.0400009155273,25.5340003967285,25.8269996643066,26.3229999542236,26.6730003356934,27.3369998931885,27.8929996490479,28.4820003509521,28.6650009155273,28.6809997558594
Employment in services (% of total employment) (modeled ILO estimate),SL.SRV.EMPL.ZS,Canada,CAN,76.6800003051758,77.6849975585938,77.8980026245117,77.8769989013672,77.8860015869141,78.0930023193359,78.3580017089844,78.5559997558594,78.5390014648438,78.4280014038086
Employment in services (% of total employment) (modeled ILO estimate),SL.SRV.EMPL.ZS,Cayman Islands,CYM,..,..,..,..,..,..,..,..,..,..
Employment in services (% of total employment) (modeled ILO estimate),SL.SRV.EMPL.ZS,Central African Republic,CAF,6.65000009536743,6.73000001907349,6.77299976348877,6.74300003051758,6.95800018310547,6.09700012207031,6.3439998626709,6.35400009155273,6.44999980926514,6.37799978256226
Employment in services (% of total employment) (modeled ILO estimate),SL.SRV.EMPL.ZS,Chad,TCD,7.31899976730347,7.42899990081787,7.13500022888184,7.23199987411499,7.32499980926514,7.53000020980835,7.66200017929077,7.6560001373291,8.00399971008301,7.91099977493286
Employment in services (% of total employment) (modeled ILO estimate),SL.SRV.EMPL.ZS,Channel Islands,CHI,49.4259986877441,48.9519996643066,49.0040016174316,49.0709991455078,49.0509986877441,49.2529983520508,49.6119995117188,49.9420013427734,50.1759986877441,50.2630004882813
Employment in services (% of total employment) (modeled ILO estimate),SL.SRV.EMPL.ZS,Chile,CHL,64.7429962158203,63.8769989013672,66.4369964599609,66.3639984130859,66.1880035400391,66.6480026245117,67.1110000610352,67.3379974365234,67.5090026855469,67.629997253418
Employment in services (% of total employment) (modeled ILO estimate),SL.SRV.EMPL.ZS,China,CHN,40.3849983215332,42.0559997558594,43.6129989624023,45.5279998779297,47.3479995727539,49.2379989624023,51.2060012817383,53.351001739502,54.8520011901855,55.8699989318848
Employment in services (% of total employment) (modeled ILO estimate),SL.SRV.EMPL.ZS,Colombia,COL,61.7719993591309,61.5559997558594,62.1240005493164,61.1889991760254,61.9210014343262,63.8310012817383,64.1029968261719,64.3949966430664,64.6340026855469,64.5059967041016
Employment in services (% of total employment) (modeled ILO estimate),SL.SRV.EMPL.ZS,Comoros,COM,29.3150005340576,29.6110000610352,29.4580001831055,29.6389999389648,29.6159992218018,29.6590003967285,29.4409999847412,29.5359992980957,29.451000213623,29.7490005493164
Employment in services (% of total employment) (modeled ILO estimate),SL.SRV.EMPL.ZS,"Congo, Dem. Rep.",COD,5.75699996948242,5.66499996185303,8.67199993133545,8.7480001449585,8.65200042724609,8.17099952697754,6.44700002670288,6.6729998588562,6.87400007247925,6.95800018310547
Employment in services (% of total employment) (modeled ILO estimate),SL.SRV.EMPL.ZS,"Congo, Rep.",COG,36.3940010070801,36.939998626709,37.5530014038086,37.5579986572266,37.0670013427734,37.2639999389648,36.7709999084473,37.8650016784668,37.5950012207031,36.8479995727539
Employment in services (% of total employment) (modeled ILO estimate),SL.SRV.EMPL.ZS,Costa Rica,CRI,65.9520034790039,65.8990020751953,65.2600021362305,69.8470001220703,71.5479965209961,73.6149978637695,71.1650009155273,68.5400009155273,69.1760025024414,69.4609985351563
Employment in services (% of total employment) (modeled ILO estimate),SL.SRV.EMPL.ZS,Cote d'Ivoire,CIV,43.9469985961914,45.0250015258789,44.5769996643066,43.7459983825684,45.5029983520508,44.173999786377,43.6399993896484,44.3660011291504,44.8120002746582,45.3050003051758
Employment in services (% of total employment) (modeled ILO estimate),SL.SRV.EMPL.ZS,Croatia,HRV,56.3289985656738,57.6669998168945,58.2939987182617,57.4599990844727,59.8349990844727,61.5890007019043,63.5019989013672,64.0599975585938,65.4229965209961,65.4140014648438
Employment in services (% of total employment) (modeled ILO estimate),SL.SRV.EMPL.ZS,Cuba,CUB,63.3419990539551,63.7019996643066,64.3170013427734,63.1699981689453,61.5519981384277,64.1800003051758,64.2129974365234,64.859001159668,65.2050018310547,64.9069976806641
Employment in services (% of total employment) (modeled ILO estimate),SL.SRV.EMPL.ZS,Curacao,CUW,..,..,..,..,..,..,..,..,..,..
Employment in services (% of total employment) (modeled ILO estimate),SL.SRV.EMPL.ZS,Cyprus,CYP,72.7229995727539,74.2490005493164,75.802001953125,75.2740020751953,76.9169998168945,79.3320007324219,79.052001953125,79.7799987792969,79.3059997558594,79.427001953125
Employment in services (% of total employment) (modeled ILO estimate),SL.SRV.EMPL.ZS,Czech Republic,CZE,56.2999992370605,58.3120002746582,58.9169998168945,58.5579986572266,58.8269996643066,59.4580001831055,59.2120018005371,59.048999786377,59.0270004272461,59.265998840332
Employment in services (% of total employment) (modeled ILO estimate),SL.SRV.EMPL.ZS,Denmark,DNK,74.3570022583008,77.1230010986328,77.9710006713867,77.7109985351563,77.6969985961914,77.9929962158203,78.2600021362305,78.213996887207,78.8249969482422,78.625
Employment in services (% of total employment) (modeled ILO estimate),SL.SRV.EMPL.ZS,Djibouti,DJI,38.0110015869141,38.7249984741211,39.3899993896484,39.5169982910156,39.9659996032715,39.3720016479492,39.0670013427734,39.1629981994629,39.2890014648438,40.5419998168945
Employment in services (% of total employment) (modeled ILO estimate),SL.SRV.EMPL.ZS,Dominica,DMA,..,..,..,..,..,..,..,..,..,..
Employment in services (% of total employment) (modeled ILO estimate),SL.SRV.EMPL.ZS,Dominican Republic,DOM,64.8119964599609,67.1949996948242,67.370002746582,67.786003112793,67.609001159668,69.181999206543,68.1679992675781,68.6240005493164,69.7050018310547,70.2020034790039
Employment in services (% of total employment) (modeled ILO estimate),SL.SRV.EMPL.ZS,Ecuador,ECU,52.4970016479492,52.4970016479492,53.6339988708496,54.1459999084473,54.4990005493164,54.2719993591309,54.7649993896484,54.148998260498,54.4329986572266,54.5419998168945
Employment in services (% of total employment) (modeled ILO estimate),SL.SRV.EMPL.ZS,"Egypt, Arab Rep.",EGY,45.4020004272461,46.2859992980957,46.9199981689453,47.1879997253418,48.0690002441406,47.9309997558594,48.0449981689453,49.1020011901855,48.923999786377,49.6310005187988
Employment in services (% of total employment) (modeled ILO estimate),SL.SRV.EMPL.ZS,El Salvador,SLV,57.8479995727539,58.4300003051758,57.8720016479492,57.2890014648438,58.0499992370605,60.060001373291,60.3460006713867,59.7120018005371,60.2220001220703,60.0190010070801
Employment in services (% of total employment) (modeled ILO estimate),SL.SRV.EMPL.ZS,Equatorial Guinea,GNQ,40.6730003356934,38.0040016174316,37.0550003051758,37.3120002746582,37.3520011901855,37.5480003356934,36.7999992370605,35.382999420166,34.7509994506836,34.0470008850098
Employment in services (% of total employment) (modeled ILO estimate),SL.SRV.EMPL.ZS,Eritrea,ERI,8.12199974060059,8.48400020599365,8.34899997711182,8.54100036621094,8.63099956512451,8.63700008392334,8.79500007629395,8.9069995880127,9.05599975585938,9.08100032806396
Employment in services (% of total employment) (modeled ILO estimate),SL.SRV.EMPL.ZS,Estonia,EST,60.8310012817383,64.5039978027344,65.4649963378906,63.1529998779297,64.4029998779297,65.4649963378906,65.9940032958984,65.4359970092773,66.3830032348633,66.2109985351563
Employment in services (% of total employment) (modeled ILO estimate),SL.SRV.EMPL.ZS,Eswatini,SWZ,17.7840003967285,17.7189998626709,17.9839992523193,18.2840003967285,18.2709999084473,18.757999420166,18.9160003662109,18.7350006103516,18.4559993743896,18.4459991455078
Employment in services (% of total employment) (modeled ILO estimate),SL.SRV.EMPL.ZS,Ethiopia,ETH,14.4860000610352,15.0050001144409,16.5779991149902,17.3850002288818,17.7800006866455,19.9340000152588,20.6690006256104,21.4810009002686,22.0370006561279,22.4050006866455
Employment in services (% of total employment) (modeled ILO estimate),SL.SRV.EMPL.ZS,Faroe Islands,FRO,..,..,..,..,..,..,..,..,..,..
Employment in services (% of total employment) (modeled ILO estimate),SL.SRV.EMPL.ZS,Fiji,FJI,43.0209999084473,42.9720001220703,43.4029998779297,44.0970001220703,44.4790000915527,44.5779991149902,46.4379997253418,47.5069999694824,47.5989990234375,47.234001159668
Employment in services (% of total employment) (modeled ILO estimate),SL.SRV.EMPL.ZS,Finland,FIN,70.3310012817383,71.4290008544922,72.2600021362305,72.7750015258789,73.0550003051758,73.0199966430664,73.8489990234375,74.0719985961914,73.9789962768555,73.8330001831055
Employment in services (% of total employment) (modeled ILO estimate),SL.SRV.EMPL.ZS,France,FRA,74.0110015869141,74.4000015258789,74.8379974365234,74.9179992675781,75.3209991455078,75.620002746582,76.5810012817383,76.8789978027344,76.8339996337891,76.7600021362305
Employment in services (% of total employment) (modeled ILO estimate),SL.SRV.EMPL.ZS,French Polynesia,PYF,72.838996887207,72.3509979248047,72.6119995117188,73.2099990844727,73.7289962768555,73.6419982910156,73.8499984741211,74.1039962768555,74.1399993896484,73.8659973144531
Employment in services (% of total employment) (modeled ILO estimate),SL.SRV.EMPL.ZS,Gabon,GAB,43.3089981079102,43.8349990844727,44.2690010070801,44.0719985961914,44.7509994506836,45.148998260498,45.351001739502,46.1030006408691,46.1380004882813,45.5589981079102
Employment in services (% of total employment) (modeled ILO estimate),SL.SRV.EMPL.ZS,"Gambia, The",GMB,51.7449989318848,52.0639991760254,52.4679985046387,53.0989990234375,53.5540008544922,54.726001739502,55.8839988708496,56.0530014038086,57.5620002746582,57.6150016784668
Employment in services (% of total employment) (modeled ILO estimate),SL.SRV.EMPL.ZS,Georgia,GEO,39.3269996643066,40.2949981689453,41.4650001525879,41.6889991760254,42.7890014648438,43.9850006103516,44.6959991455078,45.9990005493164,46.4000015258789,46.5970001220703
Employment in services (% of total employment) (modeled ILO estimate),SL.SRV.EMPL.ZS,Germany,DEU,68.8720016479492,69.5210037231445,70.0429992675781,70.1190032958984,70.2460021972656,70.7760009765625,70.5199966430664,70.9169998168945,71.3099975585938,71.4570007324219
Employment in services (% of total employment) (modeled ILO estimate),SL.SRV.EMPL.ZS,Ghana,GHA,40.9039993286133,41.6259994506836,42.757999420166,43.4080009460449,42.173999786377,40.548999786377,41.1730003356934,43.5060005187988,44.7290000915527,45.242000579834
Employment in services (% of total employment) (modeled ILO estimate),SL.SRV.EMPL.ZS,Gibraltar,GIB,..,..,..,..,..,..,..,..,..,..
Employment in services (% of total employment) (modeled ILO estimate),SL.SRV.EMPL.ZS,Greece,GRC,66.6370010375977,67.1729965209961,68.0169982910156,69.9619979858398,70.4530029296875,70.7480010986328,71.4509963989258,72.1630020141602,72.3830032348633,72.5739974975586
Employment in services (% of total employment) (modeled ILO estimate),SL.SRV.EMPL.ZS,Greenland,GRL,..,..,..,..,..,..,..,..,..,..
Employment in services (% of total employment) (modeled ILO estimate),SL.SRV.EMPL.ZS,Grenada,GRD,..,..,..,..,..,..,..,..,..,..
Employment in services (% of total employment) (modeled ILO estimate),SL.SRV.EMPL.ZS,Guam,GUM,74.4229965209961,73.995002746582,73.8649978637695,74.3899993896484,74.9029998779297,74.8099975585938,74.9609985351563,75.181999206543,75.2200012207031,74.9240036010742
Employment in services (% of total employment) (modeled ILO estimate),SL.SRV.EMPL.ZS,Guatemala,GTM,44.1749992370605,43.5979995727539,43.1920013427734,42.548999786377,48.2449989318848,50.9630012512207,49.007999420166,49.2299995422363,49.6100006103516,49.556999206543
Employment in services (% of total employment) (modeled ILO estimate),SL.SRV.EMPL.ZS,Guinea,GIN,23.3649997711182,23.4449996948242,23.7919998168945,24.2999992370605,25.3250007629395,26.0440006256104,26.3449993133545,26.2469997406006,26.4810009002686,25.8759994506836
Employment in services (% of total employment) (modeled ILO estimate),SL.SRV.EMPL.ZS,Guinea-Bissau,GNB,8.60700035095215,8.89299964904785,8.95400047302246,9.20499992370605,8.79500007629395,9.15200042724609,9.39000034332275,9.24699974060059,9.38300037384033,9.5649995803833
Employment in services (% of total employment) (modeled ILO estimate),SL.SRV.EMPL.ZS,Guyana,GUY,55.9150009155273,56.7249984741211,57.9519996643066,58.4659996032715,58.4729995727539,59.6040000915527,59.7939987182617,59.9980010986328,59.7379989624023,60.0699996948242
Employment in services (% of total employment) (modeled ILO estimate),SL.SRV.EMPL.ZS,Haiti,HTI,42.5620002746582,42.992000579834,42.5390014648438,42.8610000610352,43.5379981994629,44.257999420166,44.9959983825684,45.3540000915527,46.173999786377,46.4710006713867
Employment in services (% of total employment) (modeled ILO estimate),SL.SRV.EMPL.ZS,Honduras,HND,42.9480018615723,42.5919990539551,43.5530014038086,44.0219993591309,43.068000793457,46.4480018615723,49.1419982910156,49.4650001525879,50.3079986572266,50.2719993591309
Employment in services (% of total employment) (modeled ILO estimate),SL.SRV.EMPL.ZS,"Hong Kong SAR, China",HKG,86.2959976196289,86.0800018310547,86.4489974975586,86.6630020141602,87.2300033569336,86.7080001831055,86.4380035400391,86.4970016479492,86.5830001831055,86.7429962158203
Employment in services (% of total employment) (modeled ILO estimate),SL.SRV.EMPL.ZS,Hungary,HUN,63.4620018005371,64.234001159668,64.754997253418,64.2750015258789,65.1439971923828,65.3280029296875,64.8219985961914,64.7710037231445,64.5220031738281,64.8359985351563
Employment in services (% of total employment) (modeled ILO estimate),SL.SRV.EMPL.ZS,Iceland,ISL,73.3929977416992,75.6650009155273,75.9710006713867,75.9570007324219,76.2269973754883,76.9189987182617,77.0339965820313,77.9240036010742,78.6449966430664,79.8339996337891
Employment in services (% of total employment) (modeled ILO estimate),SL.SRV.EMPL.ZS,India,IND,26.125,26.2950000762939,26.6760005950928,27.746000289917,28.6410007476807,29.5450000762939,30.5410003662109,31.742000579834,32.8349990844727,33.476001739502
Employment in services (% of total employment) (modeled ILO estimate),SL.SRV.EMPL.ZS,Indonesia,IDN,40.4410018920898,41.2299995422363,42.1870002746582,42.8170013427734,42.9990005493164,44.0709991455078,44.3219985961914,44.9179992675781,46.4560012817383,47.1100006103516
Employment in services (% of total employment) (modeled ILO estimate),SL.SRV.EMPL.ZS,"Iran, Islamic Rep.",IRN,46.5110015869141,47.3489990234375,48.5750007629395,48.9080009460449,47.0149993896484,47.0019989013672,48.3419990539551,49.4360008239746,50.1380004882813,50.4599990844727
Employment in services (% of total employment) (modeled ILO estimate),SL.SRV.EMPL.ZS,Iraq,IRQ,58.3429985046387,59.0820007324219,58.2620010375977,58.6150016784668,60.2680015563965,60.1139984130859,59.5509986877441,60.0960006713867,61.8450012207031,61.6209983825684
Employment in services (% of total employment) (modeled ILO estimate),SL.SRV.EMPL.ZS,Ireland,IRL,69.6940002441406,73.7129974365234,75.9089965820313,76.6340026855469,77.0309982299805,76.0979995727539,76.0650024414063,75.3040008544922,74.838996887207,75.4889984130859
Employment in services (% of total employment) (modeled ILO estimate),SL.SRV.EMPL.ZS,Isle of Man,IMN,..,..,..,..,..,..,..,..,..,..
Employment in services (% of total employment) (modeled ILO estimate),SL.SRV.EMPL.ZS,Israel,ISR,76.568000793457,78.0309982299805,78.1829986572266,78.5579986572266,80.5650024414063,80.8170013427734,81.0589981079102,81.2429962158203,81.5749969482422,81.6330032348633
Employment in services (% of total employment) (modeled ILO estimate),SL.SRV.EMPL.ZS,Italy,ITA,66.5009994506836,67.0709991455078,67.6230010986328,68.0299987792969,68.7239990234375,69.3519973754883,69.4550018310547,69.6480026245117,69.9929962158203,69.7620010375977
Employment in services (% of total employment) (modeled ILO estimate),SL.SRV.EMPL.ZS,Jamaica,JAM,64.3779983520508,62.6129989624023,63.8359985351563,66.3489990234375,66.306999206543,66.5370025634766,66.2979965209961,66.0279998779297,66.2269973754883,65.9879989624023
Employment in services (% of total employment) (modeled ILO estimate),SL.SRV.EMPL.ZS,Japan,JPN,68.4769973754883,69.5250015258789,70.2229995727539,70.5270004272461,69.9369964599609,70.0640029907227,71.0970001220703,70.4589996337891,70.8830032348633,70.931999206543
Employment in services (% of total employment) (modeled ILO estimate),SL.SRV.EMPL.ZS,Jordan,JOR,69.181999206543,69.6039962768555,69.8990020751953,69.8539962768555,69.9810028076172,69.4079971313477,69.2669982910156,69.5309982299805,69.7799987792969,69.495002746582
Employment in services (% of total employment) (modeled ILO estimate),SL.SRV.EMPL.ZS,Kazakhstan,KAZ,50.9160003662109,52.3450012207031,53.0019989013672,54.5820007324219,55.0779991149902,55.9809989929199,59.3819999694824,61.4259986877441,61.257999420166,61.2210006713867
Employment in services (% of total employment) (modeled ILO estimate),SL.SRV.EMPL.ZS,Kenya,KEN,45.0279998779297,45.0069999694824,45.5880012512207,45.7000007629395,46.3240013122559,47.1539993286133,47.4589996337891,47.6980018615723,47.7099990844727,47.7960014343262
Employment in services (% of total employment) (modeled ILO estimate),SL.SRV.EMPL.ZS,Kiribati,KIR,..,..,..,..,..,..,..,..,..,..
Employment in services (% of total employment) (modeled ILO estimate),SL.SRV.EMPL.ZS,"Korea, Dem. People’s Rep.",PRK,15.8979997634888,15.8730001449585,15.7770004272461,15.5559997558594,15.6370000839233,15.6949996948242,15.8420000076294,15.7550001144409,15.1719999313354,15.375
Employment in services (% of total employment) (modeled ILO estimate),SL.SRV.EMPL.ZS,"Korea, Rep.",KOR,67.3310012817383,68.5400009155273,68.4779968261719,68.8730010986328,69.3320007324219,69.5350036621094,69.6839981079102,69.7409973144531,70.2050018310547,70.3239974975586
Employment in services (% of total employment) (modeled ILO estimate),SL.SRV.EMPL.ZS,Kosovo,XKX,..,..,..,..,..,..,..,..,..,..
Employment in services (% of total employment) (modeled ILO estimate),SL.SRV.EMPL.ZS,Kuwait,KWT,72.3450012207031,71.9300003051758,71.1729965209961,71.2649993896484,71.2229995727539,70.5820007324219,70.4100036621094,70.0790023803711,69.7190017700195,69.8010025024414
Employment in services (% of total employment) (modeled ILO estimate),SL.SRV.EMPL.ZS,Kyrgyz Republic,KGZ,45.3400001525879,47.3650016784668,47.3339996337891,47.9020004272461,48.201000213623,48.1230010986328,47.9819984436035,49.7879981994629,51.1199989318848,51.140998840332
Employment in services (% of total employment) (modeled ILO estimate),SL.SRV.EMPL.ZS,Lao PDR,LAO,17.7029991149902,18.8369998931885,20.2210006713867,20.9580001831055,23.4659996032715,25.1709995269775,26.3120002746582,27.3980007171631,28.4570007324219,29.0049991607666
Employment in services (% of total employment) (modeled ILO estimate),SL.SRV.EMPL.ZS,Latvia,LVA,62.6440010070801,66.9059982299805,68.3109970092773,68.1959991455078,68.1500015258789,68.0220031738281,68.6490020751953,68.4150009155273,68.1940002441406,68.4550018310547
Employment in services (% of total employment) (modeled ILO estimate),SL.SRV.EMPL.ZS,Lebanon,LBN,77.995002746582,77.7379989624023,78.3399963378906,78.0899963378906,76.213996887207,75.5930023193359,74.7979965209961,74.9010009765625,76.6669998168945,76.4909973144531
Employment in services (% of total employment) (modeled ILO estimate),SL.SRV.EMPL.ZS,Lesotho,LSO,45.8139991760254,47.6199989318848,47.8209991455078,48.2249984741211,47.7770004272461,47.7560005187988,48.4160003662109,49.1150016784668,48.9169998168945,49.117000579834
Employment in services (% of total employment) (modeled ILO estimate),SL.SRV.EMPL.ZS,Liberia,LBR,42.3800010681152,39.0839996337891,41.9080009460449,43.9630012512207,42.0040016174316,43.568000793457,44.7719993591309,44.7050018310547,44.0130004882813,45.0979995727539
Employment in services (% of total employment) (modeled ILO estimate),SL.SRV.EMPL.ZS,Libya,LBY,61.1049995422363,60.2029991149902,61.0439987182617,59.3730010986328,66.2959976196289,60.8300018310547,56.2369995117188,54.5750007629395,54.9570007324219,60.9169998168945
Employment in services (% of total employment) (modeled ILO estimate),SL.SRV.EMPL.ZS,Liechtenstein,LIE,..,..,..,..,..,..,..,..,..,..
Employment in services (% of total employment) (modeled ILO estimate),SL.SRV.EMPL.ZS,Lithuania,LTU,61.4189987182617,64.1669998168945,66.6100006103516,66.9560012817383,66.120002746582,66.052001953125,66.1100006103516,65.8580017089844,66.8870010375977,67.1699981689453
Employment in services (% of total employment) (modeled ILO estimate),SL.SRV.EMPL.ZS,Luxembourg,LUX,83.0559997558594,85.7350006103516,85.5510025024414,85.4069976806641,86.0029983520508,86.3720016479492,87.5910034179688,86.431999206543,86.9250030517578,87.0899963378906
Employment in services (% of total employment) (modeled ILO estimate),SL.SRV.EMPL.ZS,"Macao SAR, China",MAC,80.0619964599609,83.7170028686523,86.0469970703125,86.8089981079102,86.8840026855469,87.1470031738281,85.6149978637695,83.0059967041016,81.8349990844727,78.9160003662109
Employment in services (% of total employment) (modeled ILO estimate),SL.SRV.EMPL.ZS,"Macedonia, FYR",MKD,50.0660018920898,51.1529998779297,51.0839996337891,51.2550010681152,52.8190002441406,50.8800010681152,51.1780014038086,51.6360015869141,53.0620002746582,53.8310012817383
Employment in services (% of total employment) (modeled ILO estimate),SL.SRV.EMPL.ZS,Madagascar,MDG,18.4009990692139,18.5189990997314,20.5209999084473,22.0020008087158,23.4379997253418,20.4379997253418,18.1630001068115,16.3859996795654,16.5189990997314,16.386999130249
Employment in services (% of total employment) (modeled ILO estimate),SL.SRV.EMPL.ZS,Malawi,MWI,6.20800018310547,6.26800012588501,6.4689998626709,6.65299987792969,6.72800016403198,6.82800006866455,6.83900022506714,6.87599992752075,6.93599987030029,6.88299989700317
Employment in services (% of total employment) (modeled ILO estimate),SL.SRV.EMPL.ZS,Malaysia,MYS,57.3580017089844,59.4860000610352,58.0499992370605,58.3339996337891,58.7280006408691,58.6520004272461,59.7439994812012,60.0120010375977,61.1459999084473,61.548999786377
Employment in services (% of total employment) (modeled ILO estimate),SL.SRV.EMPL.ZS,Maldives,MDV,68.9199981689453,69.4029998779297,68.8399963378906,68.7870025634766,68.3539962768555,69.5070037841797,68.8809967041016,67.2060012817383,67.5070037841797,67.7190017700195
Employment in services (% of total employment) (modeled ILO estimate),SL.SRV.EMPL.ZS,Mali,MLI,35.3320007324219,32.9519996643066,31.4689998626709,30.0009994506836,27.128999710083,26.4570007324219,25.3020000457764,29.4740009307861,30.0160007476807,33.9300003051758
Employment in services (% of total employment) (modeled ILO estimate),SL.SRV.EMPL.ZS,Malta,MLT,72.6490020751953,73.515998840332,73.1460037231445,74.3119964599609,76.6740036010742,76.8550033569336,77.7249984741211,78.5780029296875,78.875,79.3369979858398
Employment in services (% of total employment) (modeled ILO estimate),SL.SRV.EMPL.ZS,Marshall Islands,MHL,..,..,..,..,..,..,..,..,..,..
Employment in services (% of total employment) (modeled ILO estimate),SL.SRV.EMPL.ZS,Mauritania,MRT,14.9680004119873,15.0609998703003,15.1199998855591,15.0120000839233,15.081000328064,15.3660001754761,15.8940000534058,16.4629993438721,16.6180000305176,16.9200000762939
Employment in services (% of total employment) (modeled ILO estimate),SL.SRV.EMPL.ZS,Mauritius,MUS,59.3339996337891,61.3380012512207,62.6940002441406,64.1890029907227,64.5009994506836,66.8820037841797,67.3840026855469,67.0999984741211,66.5609970092773,66.7210006713867
Employment in services (% of total employment) (modeled ILO estimate),SL.SRV.EMPL.ZS,Mexico,MEX,61.1759986877441,62.0419998168945,62.0139999389648,62.0330009460449,62.7309989929199,62.5209999084473,61.6259994506836,61.4119987487793,61.3660011291504,61.1279983520508
Employment in services (% of total employment) (modeled ILO estimate),SL.SRV.EMPL.ZS,"Micronesia, Fed. Sts.",FSM,..,..,..,..,..,..,..,..,..,..
Employment in services (% of total employment) (modeled ILO estimate),SL.SRV.EMPL.ZS,Moldova,MDA,49.2649993896484,52.548999786377,53.8250007629395,53.726001739502,54.2700004577637,53.5,51.6259994506836,48.0009994506836,49.1599998474121,49.5909996032715
Employment in services (% of total employment) (modeled ILO estimate),SL.SRV.EMPL.ZS,Monaco,MCO,..,..,..,..,..,..,..,..,..,..
Employment in services (% of total employment) (modeled ILO estimate),SL.SRV.EMPL.ZS,Mongolia,MNG,44.181999206543,45.0449981689453,50.2369995117188,49.6269989013672,46.8089981079102,49.7639999389648,51.3040008544922,51.2599983215332,50.648998260498,50.5480003356934
Employment in services (% of total employment) (modeled ILO estimate),SL.SRV.EMPL.ZS,Montenegro,MNE,70.9010009765625,73.9369964599609,74.8199996948242,75.4729995727539,76.9540023803711,77.3629989624023,75.9649963378906,74.6589965820313,74.3929977416992,74.3199996948242
Employment in services (% of total employment) (modeled ILO estimate),SL.SRV.EMPL.ZS,Morocco,MAR,37.5009994506836,37.7999992370605,37.7980003356934,38.3639984130859,39.3969993591309,42.7729988098145,43.1269989013672,42.2550010681152,42.757999420166,42.9599990844727
Employment in services (% of total employment) (modeled ILO estimate),SL.SRV.EMPL.ZS,Mozambique,MOZ,18.576000213623,18.8780002593994,19.3139991760254,19.9979991912842,20.5109996795654,20.8460006713867,21.5240001678467,22.1639995574951,22.3899993896484,22.4349994659424
Employment in services (% of total employment) (modeled ILO estimate),SL.SRV.EMPL.ZS,Myanmar,MMR,22.2320003509521,23.4549999237061,24.4029998779297,25.4930000305176,26.9050006866455,28.4160003662109,29.7950000762939,31.4559993743896,32.382999420166,33.4910011291504
Employment in services (% of total employment) (modeled ILO estimate),SL.SRV.EMPL.ZS,Namibia,NAM,65.9570007324219,62.2820014953613,55.6209983825684,53.2830009460449,58.7480010986328,54.1650009155273,55.8470001220703,58.5309982299805,60.5950012207031,60.2029991149902
Employment in services (% of total employment) (modeled ILO estimate),SL.SRV.EMPL.ZS,Nauru,NRU,..,..,..,..,..,..,..,..,..,..
Employment in services (% of total employment) (modeled ILO estimate),SL.SRV.EMPL.ZS,Nepal,NPL,18.2660007476807,18.1690006256104,17.6979999542236,17.4610004425049,18.2689990997314,18.7169990539551,19.3309993743896,19.7759990692139,19.9379997253418,20.1469993591309
Employment in services (% of total employment) (modeled ILO estimate),SL.SRV.EMPL.ZS,Netherlands,NLD,78.568000793457,79.2030029296875,79.2949981689453,80.0469970703125,80.0609970092773,81.3889999389648,81.4810028076172,81.2490005493164,81.2539978027344,81.25
Employment in services (% of total employment) (modeled ILO estimate),SL.SRV.EMPL.ZS,New Caledonia,NCL,63.1389999389648,63.1300010681152,62.984001159668,62.7910003662109,64.0009994506836,64.0500030517578,64.2460021972656,64.8059997558594,64.9459991455078,64.6210021972656
Employment in services (% of total employment) (modeled ILO estimate),SL.SRV.EMPL.ZS,New Zealand,NZL,71.2779998779297,72.1640014648438,72.1679992675781,72.6859970092773,72.9020004272461,73.2890014648438,72.9240036010742,71.8970031738281,73.3349990844727,73.1279983520508
Employment in services (% of total employment) (modeled ILO estimate),SL.SRV.EMPL.ZS,Nicaragua,NIC,52.2130012512207,52.7070007324219,51.3409996032715,50.1570014953613,50.5660018920898,50.8279991149902,50.8919982910156,51.3120002746582,52.6370010375977,52.9490013122559
Employment in services (% of total employment) (modeled ILO estimate),SL.SRV.EMPL.ZS,Niger,NER,15.3809995651245,15.5640001296997,15.0710000991821,15.2410001754761,15.6169996261597,15.9540004730225,16.3490009307861,16.4610004425049,16.7059993743896,16.82200050354
Employment in services (% of total employment) (modeled ILO estimate),SL.SRV.EMPL.ZS,Nigeria,NGA,46.4379997253418,48.6969985961914,55.2820014953613,53.5820007324219,51.6790008544922,49.9220008850098,51.1590003967285,51.7779998779297,51.8619995117188,51.8089981079102
Employment in services (% of total employment) (modeled ILO estimate),SL.SRV.EMPL.ZS,Northern Mariana Islands,MNP,..,..,..,..,..,..,..,..,..,..
Employment in services (% of total employment) (modeled ILO estimate),SL.SRV.EMPL.ZS,Norway,NOR,76.2570037841797,77.0830001831055,77.7559967041016,77.3840026855469,77.5429992675781,77.4769973754883,77.3109970092773,77.8659973144531,78.443000793457,78.4629974365234
Employment in services (% of total employment) (modeled ILO estimate),SL.SRV.EMPL.ZS,Oman,OMN,66.947998046875,63.2480010986328,57.9620018005371,57.4539985656738,56.6959991455078,56.5559997558594,55.9739990234375,55.1189994812012,54.7369995117188,55.265998840332
Employment in services (% of total employment) (modeled ILO estimate),SL.SRV.EMPL.ZS,Pakistan,PAK,35.1889991760254,35.2109985351563,35.1920013427734,34.7379989624023,35.1650009155273,34.8419990539551,34.8940010070801,34.9700012207031,34.1389999389648,34.2449989318848
Employment in services (% of total employment) (modeled ILO estimate),SL.SRV.EMPL.ZS,Palau,PLW,..,..,..,..,..,..,..,..,..,..
Employment in services (% of total employment) (modeled ILO estimate),SL.SRV.EMPL.ZS,Panama,PAN,66.5139999389648,62.7869987487793,63.875,64.713996887207,65.0469970703125,64.3399963378906,64.2229995727539,65.2809982299805,66.2460021972656,66.7429962158203
Employment in services (% of total employment) (modeled ILO estimate),SL.SRV.EMPL.ZS,Papua New Guinea,PNG,56.2430000305176,60.9589996337891,66.7180023193359,68.1139984130859,69.0240020751953,69.5650024414063,69.9300003051758,71.7850036621094,71.8949966430664,71.8420028686523
Employment in services (% of total employment) (modeled ILO estimate),SL.SRV.EMPL.ZS,Paraguay,PRY,54.556999206543,54.359001159668,55.1839981079102,56.6629981994629,56.9809989929199,59.7060012817383,58.7830009460449,60.560001373291,59.2509994506836,59.3219985961914
Employment in services (% of total employment) (modeled ILO estimate),SL.SRV.EMPL.ZS,Peru,PER,54.6349983215332,55.0390014648438,55.4150009155273,55.2410011291504,55.5299987792969,55.5639991760254,55.601001739502,55.1669998168945,55.4049987792969,55.6860008239746
Employment in services (% of total employment) (modeled ILO estimate),SL.SRV.EMPL.ZS,Philippines,PHL,49.9029998779297,51.1240005493164,51.8380012512207,52.1459999084473,52.564998626709,53.3810005187988,53.5120010375977,54.6510009765625,55.5499992370605,56.3120002746582
Employment in services (% of total employment) (modeled ILO estimate),SL.SRV.EMPL.ZS,Poland,POL,54.1389999389648,55.6049995422363,56.6430015563965,56.4189987182617,57.0060005187988,57.4609985351563,57.9669990539551,57.9290008544922,57.9679985046387,58.1110000610352
Employment in services (% of total employment) (modeled ILO estimate),SL.SRV.EMPL.ZS,Portugal,PRT,59.568000793457,60.7480010986328,61.5460014343262,62.9360008239746,64.0429992675781,66.072998046875,67.4940032958984,68.1210021972656,68.5869979858398,68.3430023193359
Employment in services (% of total employment) (modeled ILO estimate),SL.SRV.EMPL.ZS,Puerto Rico,PRI,80.3970031738281,83.6100006103516,84.6650009155273,84.7819976806641,84.9550018310547,84.6399993896484,80.4720001220703,80.2750015258789,80.3939971923828,80.2730026245117
Employment in services (% of total employment) (modeled ILO estimate),SL.SRV.EMPL.ZS,Qatar,QAT,38.851001739502,39.9819984436035,41.3330001831055,44.5359992980957,46.8660011291504,46.9039993286133,45.4690017700195,44.6259994506836,44.2290000915527,43.6430015563965
Employment in services (% of total employment) (modeled ILO estimate),SL.SRV.EMPL.ZS,Romania,ROU,39.6940002441406,40.8919982910156,40.6730003356934,42.1809997558594,42.0810012817383,42.4640007019043,42.7239990234375,45.9550018310547,47.015998840332,47.9560012817383
Employment in services (% of total employment) (modeled ILO estimate),SL.SRV.EMPL.ZS,Russian Federation,RUS,62.4080009460449,64.1149978637695,64.5090026855469,64.8610000610352,64.9059982299805,65.2809982299805,65.7590026855469,66.109001159668,66.3369979858398,66.4209976196289
Employment in services (% of total employment) (modeled ILO estimate),SL.SRV.EMPL.ZS,Rwanda,RWA,13.3039999008179,13.9160003662109,14.8249998092651,15.6140003204346,16.5249996185303,19.4890003204346,23.6340007781982,24.5699996948242,24.9419994354248,25.3470001220703
Employment in services (% of total employment) (modeled ILO estimate),SL.SRV.EMPL.ZS,Samoa,WSM,78.7210006713867,79.4649963378906,78.8160018920898,79.2429962158203,79.8560028076172,79.3619995117188,79.8570022583008,79.9660034179688,80.4810028076172,79.2910003662109
Employment in services (% of total employment) (modeled ILO estimate),SL.SRV.EMPL.ZS,San Marino,SMR,..,..,..,..,..,..,..,..,..,..
Employment in services (% of total employment) (modeled ILO estimate),SL.SRV.EMPL.ZS,Sao Tome and Principe,STP,60.2109985351563,60.1689987182617,60.0419998168945,61.75,62.0519981384277,63.9640007019043,65.7239990234375,67.2180023193359,67.6529998779297,68.75
Employment in services (% of total employment) (modeled ILO estimate),SL.SRV.EMPL.ZS,Saudi Arabia,SAU,75.9359970092773,75.5080032348633,74.3499984741211,74.0029983520508,73.0479965209961,71.7779998779297,71.7060012817383,71.1640014648438,71.5039978027344,71.1969985961914
Employment in services (% of total employment) (modeled ILO estimate),SL.SRV.EMPL.ZS,Senegal,SEN,31.9479999542236,28.8810005187988,27.0230007171631,25.8619995117188,25.5890007019043,25.7749996185303,26.121000289917,26.0310001373291,26.3139991760254,26.4540004730225
Employment in services (% of total employment) (modeled ILO estimate),SL.SRV.EMPL.ZS,Serbia,SRB,48.685001373291,50.132999420166,55.0379981994629,51.9830017089844,52.5779991149902,52.8540000915527,55.4799995422363,56.056999206543,56.9620018005371,56.5859985351563
Employment in services (% of total employment) (modeled ILO estimate),SL.SRV.EMPL.ZS,Seychelles,SYC,..,..,..,..,..,..,..,..,..,..
Employment in services (% of total employment) (modeled ILO estimate),SL.SRV.EMPL.ZS,Sierra Leone,SLE,29.2700004577637,29.6420001983643,29.8320007324219,30.2019996643066,32.3930015563965,35.4819984436035,36.2799987792969,32.9710006713867,33.3059997558594,33.2519989013672
Employment in services (% of total employment) (modeled ILO estimate),SL.SRV.EMPL.ZS,Singapore,SGP,76.2369995117188,68.504997253418,69.4879989624023,79.2089996337891,79.4619979858398,80.1269989013672,82.3059997558594,82.6660003662109,83.5879974365234,83.5660018920898
Employment in services (% of total employment) (modeled ILO estimate),SL.SRV.EMPL.ZS,Sint Maarten (Dutch part),SXM,..,..,..,..,..,..,..,..,..,..
Employment in services (% of total employment) (modeled ILO estimate),SL.SRV.EMPL.ZS,Slovak Republic,SVK,55.9169998168945,58.4850006103516,59.6500015258789,59.431999206543,59.2270011901855,60.867000579834,61.0579986572266,60.7089996337891,60.6440010070801,60.7519989013672
Employment in services (% of total employment) (modeled ILO estimate),SL.SRV.EMPL.ZS,Slovenia,SVN,56.2919998168945,57.7190017700195,58.601001739502,59.7430000305176,60.6360015869141,60.4669990539551,59.4410018920898,60.9150009155273,61.8030014038086,62.484001159668
Employment in services (% of total employment) (modeled ILO estimate),SL.SRV.EMPL.ZS,Solomon Islands,SLB,21.003999710083,20.7779998779297,21.4169998168945,20.7940006256104,21.2080001831055,21.4200000762939,21.3810005187988,21.5890007019043,21.9360008239746,20.6149997711182
Employment in services (% of total employment) (modeled ILO estimate),SL.SRV.EMPL.ZS,Somalia,SOM,6.13500022888184,6.15100002288818,6.16800022125244,6.17199993133545,6.17000007629395,6.15700006484985,6.15999984741211,6.19199991226196,6.22700023651123,6.22100019454956
Employment in services (% of total employment) (modeled ILO estimate),SL.SRV.EMPL.ZS,South Africa,ZAF,68.5670013427734,69.677001953125,70.7409973144531,71.2220001220703,71.7160034179688,71.4980010986328,71.9290008544922,70.5589981079102,71.0879974365234,71.0749969482422
Employment in services (% of total employment) (modeled ILO estimate),SL.SRV.EMPL.ZS,South Sudan,SSD,25.3859996795654,26.2770004272461,26.0860004425049,24.1630001068115,18.0550003051758,19.298999786377,18.9759998321533,18.2000007629395,16.5419998168945,16.0860004425049
Employment in services (% of total employment) (modeled ILO estimate),SL.SRV.EMPL.ZS,Spain,ESP,68.125,71.2910003662109,72.8280029296875,74.1399993896484,75.1119995117188,75.9520034790039,76.306999206543,75.9729995727539,76.1709976196289,76.3639984130859
Employment in services (% of total employment) (modeled ILO estimate),SL.SRV.EMPL.ZS,Sri Lanka,LKA,39.6990013122559,40.6720008850098,41.5099983215332,42.8120002746582,42.935001373291,44.0880012512207,45.0449981689453,46.3720016479492,47.0289993286133,47.6720008850098
Employment in services (% of total employment) (modeled ILO estimate),SL.SRV.EMPL.ZS,St. Kitts and Nevis,KNA,..,..,..,..,..,..,..,..,..,..
Employment in services (% of total employment) (modeled ILO estimate),SL.SRV.EMPL.ZS,St. Lucia,LCA,65.7740020751953,65.9029998779297,67.0110015869141,66.7149963378906,66.5059967041016,67.4779968261719,68.2809982299805,68.2509994506836,67.7689971923828,67.3550033569336
Employment in services (% of total employment) (modeled ILO estimate),SL.SRV.EMPL.ZS,St. Martin (French part),MAF,..,..,..,..,..,..,..,..,..,..
Employment in services (% of total employment) (modeled ILO estimate),SL.SRV.EMPL.ZS,St. Vincent and the Grenadines,VCT,80.4079971313477,80.6849975585938,80.0329971313477,80.4860000610352,80.7040023803711,80.556999206543,80.7409973144531,81.2310028076172,81.552001953125,80.9509963989258
Employment in services (% of total employment) (modeled ILO estimate),SL.SRV.EMPL.ZS,Sudan,SDN,27.3649997711182,28.3139991760254,28.1620006561279,28.1849994659424,27.181999206543,27.2819995880127,27.8099994659424,28.253999710083,28.363000869751,27.507999420166
Employment in services (% of total employment) (modeled ILO estimate),SL.SRV.EMPL.ZS,Suriname,SUR,67.9990005493164,70.6520004272461,72.7779998779297,72.3440017700195,73.2699966430664,74.0100021362305,73.1149978637695,73.7119979858398,72.8539962768555,73.2060012817383
Employment in services (% of total employment) (modeled ILO estimate),SL.SRV.EMPL.ZS,Sweden,SWE,76.5270004272461,77.6669998168945,78.015998840332,78.0839996337891,78.3290023803711,78.8109970092773,79.4219970703125,79.6750030517578,79.9140014648438,79.995002746582
Employment in services (% of total employment) (modeled ILO estimate),SL.SRV.EMPL.ZS,Switzerland,CHE,73.5339965820313,74.6080017089844,74.0820007324219,74.2080001831055,74.8619995117188,74.681999206543,75.1340026855469,75.8109970092773,76.0490036010742,75.7559967041016
Employment in services (% of total employment) (modeled ILO estimate),SL.SRV.EMPL.ZS,Syrian Arab Republic,SYR,52.265998840332,50.8230018615723,50.5610008239746,55.3339996337891,52.951000213623,50.2809982299805,48.601001739502,46.7840003967285,44.7709999084473,44.3759994506836
Employment in services (% of total employment) (modeled ILO estimate),SL.SRV.EMPL.ZS,Tajikistan,TJK,29.7819995880127,31.181999206543,31.3999996185303,30.8090000152588,31.8400001525879,31.5599994659424,31.3549995422363,32.068000793457,32.7019996643066,31.9979991912842
Employment in services (% of total employment) (modeled ILO estimate),SL.SRV.EMPL.ZS,Tanzania,TZA,21.2430000305176,21.9409999847412,22.4039993286133,22.9519996643066,23.5970001220703,24.2840003967285,25.6959991455078,26.1550006866455,26.9060001373291,27.32200050354
Employment in services (% of total employment) (modeled ILO estimate),SL.SRV.EMPL.ZS,Thailand,THA,37.9099998474121,40.2280006408691,41.1110000610352,39.5509986877441,38.0349998474121,39.2439994812012,43.0449981689453,44.0390014648438,43.9500007629395,44.6459999084473
Employment in services (% of total employment) (modeled ILO estimate),SL.SRV.EMPL.ZS,Timor-Leste,TLS,33.8479995727539,37.4519996643066,39.875,43.125,44.1689987182617,45.9000015258789,46.7099990844727,47.7900009155273,61.1110000610352,59.7929992675781
Employment in services (% of total employment) (modeled ILO estimate),SL.SRV.EMPL.ZS,Togo,TGO,39.3660011291504,42.4420013427734,43.367000579834,44.4010009765625,40.7060012817383,42.0320014953613,42.0830001831055,43.3030014038086,43.7669982910156,44.9010009765625
Employment in services (% of total employment) (modeled ILO estimate),SL.SRV.EMPL.ZS,Tonga,TON,37.984001159668,38.0779991149902,37.7529983520508,37.2569999694824,38.2299995422363,37.601001739502,37.9000015258789,38.2220001220703,38.8520011901855,36.7550010681152
Employment in services (% of total employment) (modeled ILO estimate),SL.SRV.EMPL.ZS,Trinidad and Tobago,TTO,63.8969993591309,63.3429985046387,66.088996887207,66.7850036621094,67.3560028076172,67.2630004882813,67.463996887207,68.5979995727539,69.1579971313477,69.6719970703125
Employment in services (% of total employment) (modeled ILO estimate),SL.SRV.EMPL.ZS,Tunisia,TUN,37.3810005187988,37.8079986572266,37.3380012512207,37.4599990844727,37.7980003356934,39.7220001220703,42.056999206543,42.0979995727539,43.7859992980957,43.7270011901855
Employment in services (% of total employment) (modeled ILO estimate),SL.SRV.EMPL.ZS,Turkey,TUR,49.5229988098145,51.75,50.0730018615723,49.3800010681152,50.4169998168945,50.685001373291,51.0579986572266,52.3680000305176,53.7229995727539,53.8370018005371
Employment in services (% of total employment) (modeled ILO estimate),SL.SRV.EMPL.ZS,Turkmenistan,TKM,41.7949981689453,41.1069984436035,42.2929992675781,42.8409996032715,44.2389984130859,45,45.6800003051758,46.0709991455078,46.5670013427734,46.8380012512207
Employment in services (% of total employment) (modeled ILO estimate),SL.SRV.EMPL.ZS,Turks and Caicos Islands,TCA,..,..,..,..,..,..,..,..,..,..
Employment in services (% of total employment) (modeled ILO estimate),SL.SRV.EMPL.ZS,Tuvalu,TUV,..,..,..,..,..,..,..,..,..,..
Employment in services (% of total employment) (modeled ILO estimate),SL.SRV.EMPL.ZS,Uganda,UGA,20.1070003509521,19.1270008087158,21.8110008239746,24.2409992218018,25.8490009307861,21.0799999237061,21.5650005340576,22.1560001373291,22.7779998779297,24.0990009307861
Employment in services (% of total employment) (modeled ILO estimate),SL.SRV.EMPL.ZS,Ukraine,UKR,57.7089996337891,53.9309997558594,53.9949989318848,54.0009994506836,54.2229995727539,55.1839981079102,59.0870018005371,60.0519981384277,60.0270004272461,59.7639999389648
Employment in services (% of total employment) (modeled ILO estimate),SL.SRV.EMPL.ZS,United Arab Emirates,ARE,71.3470001220703,70.181999206543,69.931999206543,70.2360000610352,69.8379974365234,69.8889999389648,68.3349990844727,66.2389984130859,64.4410018920898,60.7410011291504
Employment in services (% of total employment) (modeled ILO estimate),SL.SRV.EMPL.ZS,United Kingdom,GBR,76.9150009155273,79.2779998779297,79.5739974975586,79.6029968261719,79.7460021972656,80.0770034790039,79.7809982299805,80.2070007324219,80.4189987182617,80.5299987792969
Employment in services (% of total employment) (modeled ILO estimate),SL.SRV.EMPL.ZS,United States,USA,78.1660003662109,79.5800018310547,79.9059982299805,79.7809982299805,79.9329986572266,79.7320022583008,79.443000793457,79.4860000610352,79.5490036010742,79.4459991455078
Employment in services (% of total employment) (modeled ILO estimate),SL.SRV.EMPL.ZS,Uruguay,URY,69.3399963378906,68.0830001831055,67.0199966430664,69.4280014038086,70.2639999389648,69.1279983520508,69.8529968261719,70.7119979858398,71.7229995727539,71.9219970703125
Employment in services (% of total employment) (modeled ILO estimate),SL.SRV.EMPL.ZS,Uzbekistan,UZB,34.2849998474121,34.7400016784668,35.6889991760254,36.7109985351563,37.4410018920898,38.0740013122559,38.4790000915527,39.326000213623,40.5620002746582,40.3709983825684
Employment in services (% of total employment) (modeled ILO estimate),SL.SRV.EMPL.ZS,Vanuatu,VUT,31.3659992218018,31.4950008392334,31.7310009002686,31.7509994506836,31.75,31.5049991607666,31.2040004730225,30.7660007476807,31.3969993591309,29.1650009155273
Employment in services (% of total employment) (modeled ILO estimate),SL.SRV.EMPL.ZS,"Venezuela, RB",VEN,68.4240036010742,66.1510009765625,66.9489974975586,68.0179977416992,69,71.2279968261719,70.7020034790039,67.2789993286133,66.9240036010742,66.5250015258789
Employment in services (% of total employment) (modeled ILO estimate),SL.SRV.EMPL.ZS,Vietnam,VNM,28.6380004882813,29.0629997253418,29.7390003204346,30.4440002441406,31.1439990997314,32.0029983520508,32.2179985046387,32.8160018920898,33.3730010986328,34.0610008239746
Employment in services (% of total employment) (modeled ILO estimate),SL.SRV.EMPL.ZS,Virgin Islands (U.S.),VIR,86.7539978027344,86.5660018920898,86.7279968261719,86.3219985961914,85.6439971923828,85.3769989013672,85.0530014038086,85.1549987792969,85.4079971313477,85.5619964599609
Employment in services (% of total employment) (modeled ILO estimate),SL.SRV.EMPL.ZS,West Bank and Gaza,PSE,61.0929985046387,62.0009994506836,61.5320014953613,62.0410003662109,61.5340003967285,61.0820007324219,61.3390007019043,62.1949996948242,62.484001159668,61.0929985046387
Employment in services (% of total employment) (modeled ILO estimate),SL.SRV.EMPL.ZS,"Yemen, Rep.",YEM,55.5009994506836,55.2019996643066,56.8600006103516,56.306999206543,56.7480010986328,56.640998840332,56.273998260498,50.9039993286133,49.5069999694824,42.6310005187988
Employment in services (% of total employment) (modeled ILO estimate),SL.SRV.EMPL.ZS,Zambia,ZMB,21.0380001068115,23.9540004730225,27.8500003814697,29.7980003356934,33.8730010986328,34.3349990844727,34.6629981994629,34.806999206543,34.8740005493164,34.7980003356934
Employment in services (% of total employment) (modeled ILO estimate),SL.SRV.EMPL.ZS,Zimbabwe,ZWE,16.3250007629395,19.0639991760254,21.5909996032715,25.0270004272461,26.0240001678467,26.1590003967285,25.3969993591309,25.5160007476807,25.1879997253418,24.136999130249
Employment in services (% of total employment) (modeled ILO estimate),SL.SRV.EMPL.ZS,Arab World,ARB,49.0384052359723,49.200093162709,49.3991284277171,50.0325584451954,50.4216347197805,50.6221802636278,49.9558125605564,49.7672186540295,49.8802047463632,49.5289255771824
Employment in services (% of total employment) (modeled ILO estimate),SL.SRV.EMPL.ZS,Caribbean small states,CSS,65.4167512164653,64.6995831096775,66.2074700514016,67.8694767096351,68.1352485387154,68.3797968205988,68.253088544811,68.6827344731861,68.9033035018135,68.9169210102383
Employment in services (% of total employment) (modeled ILO estimate),SL.SRV.EMPL.ZS,Central Europe and the Baltics,CEB,53.2896520024447,54.8508176181251,55.5790982660094,55.8414133649829,56.2535871113327,56.8391592222072,57.1144179572278,57.7950619123524,58.1433750727845,58.5297771443039
Employment in services (% of total employment) (modeled ILO estimate),SL.SRV.EMPL.ZS,Early-demographic dividend,EAR,35.9539270975522,36.3691702772706,36.8854024983036,37.5890045282667,38.3050925467331,38.9541473707542,39.436850372538,40.2266219791359,40.998577620083,41.4874193257275
Employment in services (% of total employment) (modeled ILO estimate),SL.SRV.EMPL.ZS,East Asia & Pacific,EAS,42.3561439501039,43.7716390703679,45.0374099893845,46.4199329240954,47.6404939012868,49.116619649744,50.637969604287,52.1851444507099,53.3960536812571,54.2011435806742
Employment in services (% of total employment) (modeled ILO estimate),SL.SRV.EMPL.ZS,East Asia & Pacific (excluding high income),EAP,39.3270849093382,40.8643219976151,42.2307484204039,43.7145178044632,45.0874393408125,46.6945529519556,48.3032488066473,50.0330325549006,51.3273723706586,52.2136469877754
Employment in services (% of total employment) (modeled ILO estimate),SL.SRV.EMPL.ZS,East Asia & Pacific (IDA & IBRD countries),TEA,39.6573127436284,41.2168322230514,42.6048847639555,44.1135822422517,45.5061769357757,47.1372093892636,48.7684557763921,50.5278206704541,51.8497426323238,52.7478478961806
Employment in services (% of total employment) (modeled ILO estimate),SL.SRV.EMPL.ZS,Euro area,EMU,69.2888207962336,70.4523884538795,71.1435006083809,71.5593771642966,72.0256844645246,72.600062100099,72.8531240586855,73.0338144706895,73.2521698514553,73.2957972468187
Employment in services (% of total employment) (modeled ILO estimate),SL.SRV.EMPL.ZS,Europe & Central Asia,ECS,62.4913277824167,63.5942688614011,63.9373391872037,64.0966997585987,64.4375281415546,64.8782018063956,65.4226508029221,65.87701677292,66.2315388432291,66.2905334240011
Employment in services (% of total employment) (modeled ILO estimate),SL.SRV.EMPL.ZS,Europe & Central Asia (excluding high income),ECA,53.981663939361,54.8048740315376,54.9517097878734,55.1632117031383,55.486825392935,55.9019118736293,56.8092647088503,57.5258787765018,58.0008295197115,57.9799441504438
Employment in services (% of total employment) (modeled ILO estimate),SL.SRV.EMPL.ZS,Europe & Central Asia (IDA & IBRD countries),TEC,54.0180681919297,54.9029119108529,55.1282078623573,55.2896119952068,55.650324701785,56.0771815065758,56.9616788130015,57.6130966951166,58.0574657683469,58.0511999409289
Employment in services (% of total employment) (modeled ILO estimate),SL.SRV.EMPL.ZS,European Union,EUU,67.5678543668265,68.9409987141767,69.586007640081,69.9365841930048,70.3510631869874,70.8989343762575,71.0811494364124,71.4123684501037,71.6637632624616,71.7937607555012
Employment in services (% of total employment) (modeled ILO estimate),SL.SRV.EMPL.ZS,Fragile and conflict affected situations,FCS,26.778056944777,27.3742993043884,28.3598943854523,28.8531682808454,28.9704897337297,28.9873387807678,28.704116043366,29.0988861424808,29.310652186214,29.2860135444588
Employment in services (% of total employment) (modeled ILO estimate),SL.SRV.EMPL.ZS,Heavily indebted poor countries (HIPC),HPC,21.567029186039,21.9004437202926,23.0047288891528,23.5190052323892,23.9611328022932,24.1473796094108,24.3083080714897,24.7751025573315,25.166075976577,25.3837585267787
Employment in services (% of total employment) (modeled ILO estimate),SL.SRV.EMPL.ZS,High income,HIC,71.9079315812953,72.963930894348,73.3675010996197,73.5607714674234,73.7642347277971,73.9186010456649,74.0207443808861,74.0495716204596,74.2251288536688,74.2150508704306
Employment in services (% of total employment) (modeled ILO estimate),SL.SRV.EMPL.ZS,IBRD only,IBD,41.4282830334848,42.3767599169637,43.2783471389323,44.3760559367124,45.5375232132833,46.6661549952401,47.7596737014912,48.979687682409,49.9570320594891,50.520805421896
Employment in services (% of total employment) (modeled ILO estimate),SL.SRV.EMPL.ZS,IDA & IBRD total,IBT,38.9755739243836,39.8040191162744,40.7577216680794,41.6246953068356,42.5501288234901,43.4090154449303,44.309693583489,45.328140882931,46.0912777937642,46.5262049138482
Employment in services (% of total employment) (modeled ILO estimate),SL.SRV.EMPL.ZS,IDA blend,IDB,38.8541172965916,39.8273690333411,42.2915593210177,41.8925591299208,41.640968825268,41.1909905868245,41.6121555983795,42.0029068684553,41.7073213329648,41.6867792998665
Employment in services (% of total employment) (modeled ILO estimate),SL.SRV.EMPL.ZS,IDA only,IDX,24.5014682278733,24.8288739480579,25.7169024306409,26.0555977312676,26.4790616759976,26.7057723264738,27.0911686787888,27.6776883957513,28.1395045164355,28.5227624245552
Employment in services (% of total employment) (modeled ILO estimate),SL.SRV.EMPL.ZS,IDA total,IDA,28.815794900185,29.3453353066302,30.7197534825697,30.8396319087042,31.0527310602457,31.0703909661619,31.4664599142725,31.9965495342917,32.2208834522706,32.4740706233927
Employment in services (% of total employment) (modeled ILO estimate),SL.SRV.EMPL.ZS,Late-demographic dividend,LTE,43.9474078410474,45.3966982314088,46.6485257318387,48.000498460571,49.4550149341433,50.9386904316317,52.5192249185772,54.0752488079289,55.178919701874,55.8565623074379
Employment in services (% of total employment) (modeled ILO estimate),SL.SRV.EMPL.ZS,Latin America & Caribbean,LCN,60.6519203397809,61.0773405220629,61.5715189418097,61.8795992242323,63.2802201313816,63.8526731313222,63.8738877348958,64.0111256793042,64.4671244925217,64.3572385685364
Employment in services (% of total employment) (modeled ILO estimate),SL.SRV.EMPL.ZS,Latin America & Caribbean (excluding high income),LAC,59.2253198321596,59.7055755021221,60.20380559489,60.5012194406081,62.0687203832964,62.7455666815424,62.7956956180455,62.8922455203578,63.3837400294951,63.226261434313
Employment in services (% of total employment) (modeled ILO estimate),SL.SRV.EMPL.ZS,Latin America & the Caribbean (IDA & IBRD countries),TLA,60.473607903194,60.8960222696093,61.3921095624132,61.7300072539366,63.1983568816933,63.7394094813685,63.7803908732555,63.9086667749834,64.3689286572135,64.2635589998494
Employment in services (% of total employment) (modeled ILO estimate),SL.SRV.EMPL.ZS,Least developed countries: UN classification,LDC,23.1238363046655,23.3914848834105,24.2455675230105,24.5160327394898,25.029513322746,25.4095306091985,25.8344798620035,26.3915137844157,26.8445363496022,27.2127437626721
Employment in services (% of total employment) (modeled ILO estimate),SL.SRV.EMPL.ZS,Low & middle income,LMY,38.4108241727442,39.2413566357389,40.192113486574,41.0584424427155,41.9841475029608,42.8584102897305,43.7665375831905,44.7908916890627,45.5599877004892,45.9963278375401
Employment in services (% of total employment) (modeled ILO estimate),SL.SRV.EMPL.ZS,Low income,LIC,19.2417221547984,19.5119741531662,20.5357258647756,21.0465589033804,21.3558400232229,21.5490670976052,21.6071735672606,21.7867329297993,21.9850483877681,22.0490503043439
Employment in services (% of total employment) (modeled ILO estimate),SL.SRV.EMPL.ZS,Lower middle income,LMC,33.0981712380164,33.5283569882126,34.3506544912612,34.9360458586503,35.5384553980664,36.1835088828255,36.9328792431648,37.8705449660443,38.6807337068833,39.2538366337512
Employment in services (% of total employment) (modeled ILO estimate),SL.SRV.EMPL.ZS,Middle East & North Africa,MEA,52.1643166448378,52.4034218847095,52.8667348836992,53.5203275539088,53.6874001774495,53.8731800068179,53.5566244979031,53.5762407953228,53.8245149006435,53.6614532680985
Employment in services (% of total employment) (modeled ILO estimate),SL.SRV.EMPL.ZS,Middle East & North Africa (excluding high income),MNA,47.7057536088184,47.9674610623938,48.4919777569116,49.0999295712929,49.1703940784367,49.4738661528063,49.0754822394606,49.2528951788045,49.6482158927323,49.6597433622317
Employment in services (% of total employment) (modeled ILO estimate),SL.SRV.EMPL.ZS,Middle East & North Africa (IDA & IBRD countries),TMN,47.6108172890067,47.8668326939678,48.3956830660937,48.9939114507763,49.0675060557565,49.3762606611416,48.9712985258819,49.1362989475606,49.5325374396575,49.5550785008478
Employment in services (% of total employment) (modeled ILO estimate),SL.SRV.EMPL.ZS,Middle income,MIC,40.3682936620483,41.3012249958205,42.2810541220724,43.2203131169704,44.2584484887668,45.2509438287522,46.3005497982739,47.4732915620204,48.3632702368217,48.9055725409089
Employment in services (% of total employment) (modeled ILO estimate),SL.SRV.EMPL.ZS,North America,NAC,78.0094173492109,79.3766566228966,79.6867867800947,79.5721369132369,79.7094022064896,79.5523858084434,79.3252878376593,79.3859280259643,79.4410521063063,79.3366004517773
Employment in services (% of total employment) (modeled ILO estimate),SL.SRV.EMPL.ZS,Not classified,INX,..,..,..,..,..,..,..,..,..,..
Employment in services (% of total employment) (modeled ILO estimate),SL.SRV.EMPL.ZS,OECD members,OED,70.3216511801559,71.5142570857414,71.8169369294772,71.8591026637103,72.1194012845493,72.2740829667615,72.3402590317696,72.4001794106501,72.6090828552793,72.5933105793522
Employment in services (% of total employment) (modeled ILO estimate),SL.SRV.EMPL.ZS,Other small states,OSS,49.4111467038731,49.813603653938,50.0355945692113,50.2048034928144,51.010934615665,51.2951644337552,51.2694553288373,51.1415398131458,51.6541949976735,51.5814447154989
Employment in services (% of total employment) (modeled ILO estimate),SL.SRV.EMPL.ZS,Pacific island small states,PSS,36.1572141935451,36.073698975745,36.3988822313101,36.4421445040937,36.7009471092828,36.7192654451822,37.517896554169,37.8971376139901,38.0713294037211,36.8969172309388
Employment in services (% of total employment) (modeled ILO estimate),SL.SRV.EMPL.ZS,Post-demographic dividend,PST,71.8804636010893,72.847573756607,73.3132032477153,73.549042573182,73.7744767436567,74.0469633581119,74.3955885665578,74.5137331390107,74.749546228958,74.7703193574573
Employment in services (% of total employment) (modeled ILO estimate),SL.SRV.EMPL.ZS,Pre-demographic dividend,PRE,28.7803405596117,29.3333575111961,31.2011357843563,31.072929614758,31.0547190105759,30.6202103790307,30.7221255804421,31.0647718615379,31.1805313128826,31.2196714323308
Employment in services (% of total employment) (modeled ILO estimate),SL.SRV.EMPL.ZS,Small states,SST,52.2519159262818,52.2907801197332,52.7189292322424,53.1531976317177,53.7367855356551,53.9458553479924,53.9127784722333,53.8845785532588,54.2995237119099,54.1534761759044
Employment in services (% of total employment) (modeled ILO estimate),SL.SRV.EMPL.ZS,South Asia,SAS,27.8544847348717,27.9754091661179,28.3086121152361,29.0109973346941,29.767724255572,30.4699277749131,31.3663617886285,32.4566973476148,33.3170098539935,33.9832277896247
Employment in services (% of total employment) (modeled ILO estimate),SL.SRV.EMPL.ZS,South Asia (IDA & IBRD),TSA,27.8544847348717,27.9754091661179,28.3086121152361,29.0109973346941,29.767724255572,30.4699277749131,31.3663617886285,32.4566973476148,33.3170098539935,33.9832277896247
Employment in services (% of total employment) (modeled ILO estimate),SL.SRV.EMPL.ZS,Sub-Saharan Africa,SSF,28.5301938782096,29.008059500609,30.6840145591128,30.7340860380711,30.7187154208811,30.6136614232857,30.8681568212194,31.2650006218911,31.3917261858033,31.446181456812
Employment in services (% of total employment) (modeled ILO estimate),SL.SRV.EMPL.ZS,Sub-Saharan Africa (excluding high income),SSA,28.5301938782096,29.008059500609,30.6840145591128,30.7340860380711,30.7187154208811,30.6136614232857,30.8681568212194,31.2650006218911,31.3917261858033,31.446181456812
Employment in services (% of total employment) (modeled ILO estimate),SL.SRV.EMPL.ZS,Sub-Saharan Africa (IDA & IBRD countries),TSS,28.5301938782096,29.008059500609,30.6840145591128,30.7340860380711,30.7187154208811,30.6136614232857,30.8681568212194,31.2650006218911,31.3917261858033,31.446181456812
Employment in services (% of total employment) (modeled ILO estimate),SL.SRV.EMPL.ZS,Upper middle income,UMC,46.3634796281429,47.7771201888717,48.9457214227166,50.2325538780803,51.6830731487874,53.0830716734466,54.5057133518028,55.9723519987227,57.0799405068684,57.7207205550054
Employment in services (% of total employment) (modeled ILO estimate),SL.SRV.EMPL.ZS,World,WLD,44.6911641731008,45.4284332498242,46.2315814805879,46.9509942778079,47.7308039369645,48.449500787751,49.2172650111511,50.0735606269017,50.744207224321,51.0914929148387
,,,,,,,,,,,,,
,,,,,,,,,,,,,
,,,,,,,,,,,,,
Data from database: World Development Indicators,,,,,,,,,,,,,
Last Updated: 11/14/2018,,,,,,,,,,,,,
